instance,depth,alpha,seed,train_acc,val_acc,test_acc,train_time,gap
balance-scale,2,0.0,37,0.7051282051282052,0.6538461538461539,0.6624203821656051,1.977177381515503,0.0
balance-scale,2,0.01,37,0.7051282051282052,0.6538461538461539,0.6624203821656051,2.8108394145965576,0.0
balance-scale,2,0.1,37,0.6987179487179487,0.6666666666666666,0.6624203821656051,2.179771661758423,0.0
balance-scale,2,0.0,42,0.7019230769230769,0.6666666666666666,0.6560509554140127,2.41670298576355,0.0
balance-scale,2,0.01,42,0.7019230769230769,0.6666666666666666,0.6560509554140127,2.7045276165008545,0.0
balance-scale,2,0.1,42,0.6955128205128205,0.6602564102564102,0.6751592356687898,1.838378667831421,0.0
balance-scale,2,0.0,53,0.7051282051282052,0.6410256410256411,0.6751592356687898,2.200120449066162,0.0
balance-scale,2,0.01,53,0.7051282051282052,0.6410256410256411,0.6751592356687898,2.2065305709838867,0.0
balance-scale,2,0.1,53,0.7051282051282052,0.6410256410256411,0.6751592356687898,1.8258357048034668,0.0
balance-scale,3,0.0,37,0.7660256410256411,0.6923076923076923,0.7070063694267515,176.28879833221436,0.0
balance-scale,3,0.01,37,0.7660256410256411,0.6923076923076923,0.7070063694267515,246.46827912330627,0.0
balance-scale,3,0.1,37,0.6987179487179487,0.6666666666666666,0.6624203821656051,11.21583652496338,0.0
balance-scale,3,0.0,42,0.7628205128205128,0.7051282051282052,0.6751592356687898,184.4656820297241,0.0
balance-scale,3,0.01,42,0.7596153846153846,0.6987179487179487,0.6751592356687898,165.47040677070618,0.0
balance-scale,3,0.1,42,0.6955128205128205,0.6602564102564102,0.6751592356687898,24.986035346984863,0.0
balance-scale,3,0.0,53,0.7660256410256411,0.6474358974358975,0.7261146496815286,100.42231678962708,0.0
balance-scale,3,0.01,53,0.7628205128205128,0.6602564102564102,0.7070063694267515,149.43899607658386,0.0
balance-scale,3,0.1,53,0.7051282051282052,0.6410256410256411,0.6751592356687898,8.396142721176147,0.0
balance-scale,4,0.0,37,0.8173076923076923,0.6987179487179487,0.7197452229299363,600.10680103302,0.0627450955991825
balance-scale,4,0.01,37,0.7724358974358975,0.6923076923076923,0.7133757961783439,600.0666306018829,0.1756923830997339
balance-scale,4,0.1,37,0.6987179487179487,0.6666666666666666,0.6624203821656051,77.59498858451843,0.0
balance-scale,4,0.0,42,0.8044871794871795,0.75,0.6751592356687898,600.131227016449,0.0787250996015914
balance-scale,4,0.01,42,0.7435897435897436,0.75,0.7133757961783439,600.0821650028229,0.2204899777282825
balance-scale,4,0.1,42,0.6955128205128205,0.6602564102564102,0.6751592356687898,73.94150352478027,0.0
balance-scale,4,0.0,53,0.8012820512820513,0.6410256410256411,0.6751592356687898,600.2180824279785,0.0786666666666635
balance-scale,4,0.01,53,0.7532051282051282,0.7307692307692307,0.732484076433121,600.1120266914368,0.2015072099443808
balance-scale,4,0.1,53,0.7051282051282052,0.6410256410256411,0.6751592356687898,63.53878283500672,0.0
balance-scale,5,0.0,37,0.8301282051282052,0.7115384615384616,0.7898089171974523,600.115128993988,0.1999141833099842
balance-scale,5,0.01,37,0.8012820512820513,0.7115384615384616,0.7197452229299363,600.0660226345062,0.2514881909173296
balance-scale,5,0.1,37,0.6987179487179487,0.6666666666666666,0.6624203821656051,255.67127346992493,0.0
balance-scale,5,0.0,42,0.8141025641025641,0.7884615384615384,0.6687898089171974,600.1161313056946,0.2192898952583598
balance-scale,5,0.01,42,0.7339743589743589,0.7307692307692307,0.6242038216560509,600.125851392746,0.3590777168655232
balance-scale,5,0.1,42,0.6955128205128205,0.6602564102564102,0.6751592356687898,381.6231367588043,0.0
balance-scale,5,0.0,53,0.8333333333333334,0.6987179487179487,0.6815286624203821,600.0685341358185,0.1999999999999987
balance-scale,5,0.01,53,0.7307692307692307,0.6858974358974359,0.6496815286624203,600.2250003814697,0.4686994031649361
balance-scale,5,0.1,53,0.7051282051282052,0.6410256410256411,0.6751592356687898,393.8692698478699,0.0
breast-cancer,2,0.0,37,0.7898550724637681,0.7246376811594203,0.6714285714285714,6.119339466094971,0.0
breast-cancer,2,0.01,37,0.7898550724637681,0.7246376811594203,0.6714285714285714,8.672110795974731,0.0
breast-cancer,2,0.1,37,0.717391304347826,0.7101449275362319,0.6857142857142857,1.501323699951172,0.0
breast-cancer,2,0.0,42,0.7971014492753623,0.6811594202898551,0.7142857142857143,3.822559356689453,0.0
breast-cancer,2,0.01,42,0.7971014492753623,0.6811594202898551,0.7142857142857143,3.4407784938812256,0.0
breast-cancer,2,0.1,42,0.6956521739130435,0.6811594202898551,0.7571428571428571,1.6246931552886963,0.0
breast-cancer,2,0.0,53,0.8260869565217391,0.7101449275362319,0.6571428571428571,5.467042207717896,0.0
breast-cancer,2,0.01,53,0.8260869565217391,0.6956521739130435,0.6714285714285714,7.3109352588653564,0.0
breast-cancer,2,0.1,53,0.7391304347826086,0.7536231884057971,0.6,0.8549168109893799,0.0
breast-cancer,3,0.0,37,0.8333333333333334,0.6811594202898551,0.6571428571428571,600.5942149162292,0.069565217391304
breast-cancer,3,0.01,37,0.8260869565217391,0.6811594202898551,0.7142857142857143,600.2853238582611,0.1007097761678543
breast-cancer,3,0.1,37,0.717391304347826,0.7101449275362319,0.6857142857142857,15.080878257751465,0.0
breast-cancer,3,0.0,42,0.8478260869565217,0.6521739130434783,0.8,600.26029920578,0.0495726495726504
breast-cancer,3,0.01,42,0.8478260869565217,0.6521739130434783,0.7428571428571429,600.1631970405579,0.0750174644642982
breast-cancer,3,0.1,42,0.6956521739130435,0.6811594202898551,0.7571428571428571,5.415522336959839,0.0
breast-cancer,3,0.0,53,0.855072463768116,0.7536231884057971,0.6285714285714286,600.461925983429,0.0296610169491509
breast-cancer,3,0.01,53,0.8260869565217391,0.6956521739130435,0.6714285714285714,600.2277555465698,0.0599177278463367
breast-cancer,3,0.1,53,0.7391304347826086,0.7536231884057971,0.6,1.949787855148316,0.0
breast-cancer,4,0.0,37,0.8768115942028986,0.6956521739130435,0.7571428571428571,600.2815659046173,0.1404958497907177
breast-cancer,4,0.01,37,0.8478260869565217,0.7536231884057971,0.7571428571428571,600.1825032234192,0.2170876121750396
breast-cancer,4,0.1,37,0.717391304347826,0.7101449275362319,0.6857142857142857,3.937366724014282,0.0
breast-cancer,4,0.0,42,0.8985507246376812,0.7101449275362319,0.7,600.2402217388153,0.1129031201430192
breast-cancer,4,0.01,42,0.8260869565217391,0.6666666666666666,0.7857142857142857,600.1979722976685,0.2021251985717637
breast-cancer,4,0.1,42,0.6956521739130435,0.6811594202898551,0.7571428571428571,6.126633882522583,0.0
breast-cancer,4,0.0,53,0.8840579710144928,0.7246376811594203,0.6714285714285714,600.218133687973,0.1311475232992386
breast-cancer,4,0.01,53,0.8260869565217391,0.7971014492753623,0.6857142857142857,600.2232141494751,0.1926436009405422
breast-cancer,4,0.1,53,0.7391304347826086,0.7536231884057971,0.6,3.918622493743897,0.0
breast-cancer,5,0.0,37,0.8985507246376812,0.6521739130434783,0.7428571428571429,600.3045654296875,0.1129032172472002
breast-cancer,5,0.01,37,0.8260869565217391,0.782608695652174,0.6571428571428571,600.1821691989899,0.254242081447964
breast-cancer,5,0.1,37,0.717391304347826,0.7101449275362319,0.6857142857142857,4.42162036895752,0.0
breast-cancer,5,0.0,42,0.9130434782608696,0.6376811594202898,0.7857142857142857,600.1951031684875,0.0952380952380966
breast-cancer,5,0.01,42,0.8260869565217391,0.7536231884057971,0.7285714285714285,600.1214110851288,0.2396716041850281
breast-cancer,5,0.1,42,0.6956521739130435,0.6811594202898551,0.7571428571428571,6.769076585769653,0.0
breast-cancer,5,0.0,53,0.9202898550724636,0.7246376811594203,0.6857142857142857,600.2571923732758,0.086614167929585
breast-cancer,5,0.01,53,0.7971014492753623,0.7971014492753623,0.6714285714285714,600.1919460296631,0.23019387522444
breast-cancer,5,0.1,53,0.7391304347826086,0.7536231884057971,0.6,4.200763463973999,0.0
car-evaluation,2,0.0,37,0.7951388888888888,0.7662037037037037,0.7546296296296297,21.819228649139404,0.0
car-evaluation,2,0.01,37,0.7951388888888888,0.7662037037037037,0.7546296296296297,32.69321632385254,0.0
car-evaluation,2,0.1,37,0.6851851851851852,0.7430555555555556,0.6875,11.454467296600342,0.0
car-evaluation,2,0.0,42,0.7511574074074074,0.8009259259259259,0.7731481481481481,64.13318586349487,0.0
car-evaluation,2,0.01,42,0.7511574074074074,0.8009259259259259,0.7731481481481481,94.69944071769714,0.0
car-evaluation,2,0.1,42,0.6875,0.7129629629629629,0.7129629629629629,10.53537654876709,0.0
car-evaluation,2,0.0,53,0.78125,0.7453703703703703,0.7685185185185185,27.78601789474488,0.0
car-evaluation,2,0.01,53,0.78125,0.7453703703703703,0.7685185185185185,70.08597135543823,0.0
car-evaluation,2,0.1,53,0.7106481481481481,0.6967592592592593,0.6828703703703703,10.76282548904419,0.0
car-evaluation,3,0.0,37,0.8217592592592593,0.8055555555555556,0.7962962962962963,600.0805113315582,0.1499071951086407
car-evaluation,3,0.01,37,0.8182870370370371,0.7939814814814815,0.7916666666666666,600.0605328083038,0.1404445476176582
car-evaluation,3,0.1,37,0.6851851851851852,0.7430555555555556,0.6875,69.63010120391846,0.0
car-evaluation,3,0.0,42,0.78125,0.8171296296296297,0.7870370370370371,600.068609714508,0.1925925925926121
car-evaluation,3,0.01,42,0.7962962962962963,0.8101851851851852,0.8194444444444444,600.0554521083832,0.1657663627247665
car-evaluation,3,0.1,42,0.6875,0.7129629629629629,0.7129629629629629,65.40032052993774,0.0
car-evaluation,3,0.0,53,0.8171296296296297,0.7916666666666666,0.7962962962962963,600.0499353408813,0.1839235127478744
car-evaluation,3,0.01,53,0.8078703703703703,0.7893518518518519,0.8009259259259259,600.0887863636017,0.1650098153376035
car-evaluation,3,0.1,53,0.7106481481481481,0.6967592592592593,0.6828703703703703,60.8430323600769,0.0
car-evaluation,4,0.0,37,0.8240740740740741,0.8125,0.7708333333333334,600.2752318382263,0.2134831460674215
car-evaluation,4,0.01,37,0.8217592592592593,0.8055555555555556,0.7962962962962963,600.0903370380402,0.2223804395969848
car-evaluation,4,0.1,37,0.6851851851851852,0.7430555555555556,0.6875,64.22145462036133,0.0
car-evaluation,4,0.0,42,0.8101851851851852,0.8240740740740741,0.8333333333333334,600.1436500549316,0.2342857106745676
car-evaluation,4,0.01,42,0.8101851851851852,0.8240740740740741,0.8333333333333334,600.1571297645569,0.2477722288527728
car-evaluation,4,0.1,42,0.6875,0.7129629629629629,0.7129629629629629,216.6668574810028,0.0
car-evaluation,4,0.0,53,0.8298611111111112,0.7962962962962963,0.8171296296296297,600.4365844726562,0.2050209185008691
car-evaluation,4,0.01,53,0.8090277777777778,0.7962962962962963,0.8078703703703703,600.2542202472687,0.2432016490450701
car-evaluation,4,0.1,53,0.7106481481481481,0.6967592592592593,0.6828703703703703,55.89369320869446,0.0
car-evaluation,5,0.0,37,0.8321759259259259,0.8240740740740741,0.8240740740740741,600.4514312744141,0.201668980657507
car-evaluation,5,0.01,37,0.7951388888888888,0.7662037037037037,0.7546296296296297,600.4634511470795,0.2485908547448627
car-evaluation,5,0.1,37,0.6851851851851852,0.7430555555555556,0.6875,262.4505362510681,0.0
car-evaluation,5,0.0,42,0.7858796296296297,0.8379629629629629,0.7962962962962963,600.5720126628876,0.2724594973446477
car-evaluation,5,0.01,42,0.7962962962962963,0.8101851851851852,0.8194444444444444,600.442177772522,0.2585741164541898
car-evaluation,5,0.1,42,0.6875,0.7129629629629629,0.7129629629629629,174.0138771533966,0.0
car-evaluation,5,0.0,53,0.7928240740740741,0.7569444444444444,0.7731481481481481,600.440379858017,0.2613138686131357
car-evaluation,5,0.01,53,0.7939814814814815,0.8287037037037037,0.8055555555555556,600.1416733264923,0.2695165749836759
car-evaluation,5,0.1,53,0.7106481481481481,0.6967592592592593,0.6828703703703703,90.8650496006012,0.0
hayes-roth,2,0.0,37,0.675,0.5,0.65,1.04819917678833,0.0
hayes-roth,2,0.01,37,0.675,0.5,0.65,0.7509922981262207,0.0
hayes-roth,2,0.1,37,0.6375,0.5,0.625,1.0960702896118164,0.0
hayes-roth,2,0.0,42,0.675,0.5,0.625,0.8267898559570312,0.0
hayes-roth,2,0.01,42,0.675,0.5,0.65,1.0142881870269775,0.0
hayes-roth,2,0.1,42,0.6625,0.525,0.525,1.0102994441986084,0.0
hayes-roth,2,0.0,53,0.7,0.55,0.55,0.8018577098846436,0.0
hayes-roth,2,0.01,53,0.7,0.55,0.55,1.0222673416137695,0.0
hayes-roth,2,0.1,53,0.675,0.5,0.55,0.966416597366333,0.0
hayes-roth,3,0.0,37,0.7875,0.625,0.65,19.686729192733765,0.0
hayes-roth,3,0.01,37,0.7875,0.625,0.65,28.323288202285767,0.0
hayes-roth,3,0.1,37,0.725,0.525,0.675,11.047302722930908,0.0
hayes-roth,3,0.0,42,0.8625,0.525,0.825,10.90563702583313,0.0
hayes-roth,3,0.01,42,0.8625,0.525,0.825,11.02088499069214,0.0
hayes-roth,3,0.1,42,0.7125,0.6,0.6,20.199546098709103,0.0
hayes-roth,3,0.0,53,0.8375,0.625,0.65,12.432400465011597,0.0
hayes-roth,3,0.01,53,0.8375,0.725,0.7,16.07408332824707,0.0
hayes-roth,3,0.1,53,0.725,0.6,0.6,16.827534675598145,0.0
hayes-roth,4,0.0,37,0.8875,0.825,0.825,600.2170085906982,0.028169014084505
hayes-roth,4,0.01,37,0.8625,0.825,0.8,600.1538591384888,0.081405485147185
hayes-roth,4,0.1,37,0.775,0.55,0.75,94.8836817741394,0.0
hayes-roth,4,0.0,42,0.9375,0.55,0.8,470.4858419895172,0.0
hayes-roth,4,0.01,42,0.925,0.625,0.875,326.8311834335327,0.0
hayes-roth,4,0.1,42,0.775,0.5,0.75,156.08795046806335,0.0
hayes-roth,4,0.0,53,0.9375,0.725,0.7,333.34061765670776,0.0
hayes-roth,4,0.01,53,0.9375,0.7,0.7,415.135324716568,0.0
hayes-roth,4,0.1,53,0.825,0.575,0.675,100.04261445999146,0.0
hayes-roth,5,0.0,37,0.9125,0.725,0.825,600.2650890350342,0.0958903997112276
hayes-roth,5,0.01,37,0.9,0.825,0.8,600.1241583824158,0.1416781962458219
hayes-roth,5,0.1,37,0.775,0.55,0.75,600.1127092838287,0.0435525763448185
hayes-roth,5,0.0,42,0.975,0.675,0.8,600.1491153240204,0.0256410013809514
hayes-roth,5,0.01,42,0.95,0.7,0.825,600.1175627708435,0.0776789024842395
hayes-roth,5,0.1,42,0.825,0.65,0.775,600.0964214801788,0.0891097610761465
hayes-roth,5,0.0,53,0.975,0.725,0.7,600.1415359973907,0.0256410190664009
hayes-roth,5,0.01,53,0.9375,0.7,0.7,600.1662423610687,0.0925179399533812
hayes-roth,5,0.1,53,0.825,0.675,0.725,600.1086332798004,0.1067899514754697
house-votes-84,2,0.0,37,0.9741379310344828,0.9482758620689656,0.9827586206896552,0.5445430278778076,0.0
house-votes-84,2,0.01,37,0.9741379310344828,0.9482758620689656,0.9827586206896552,0.5555150508880615,0.0
house-votes-84,2,0.1,37,0.9741379310344828,0.9482758620689656,0.9827586206896552,0.1894924640655517,0.0
house-votes-84,2,0.0,42,0.9655172413793104,0.9827586206896552,0.9655172413793104,0.4817121028900146,0.0
house-votes-84,2,0.01,42,0.9655172413793104,0.9827586206896552,0.9655172413793104,0.8919370174407959,0.0
house-votes-84,2,0.1,42,0.9655172413793104,0.9827586206896552,0.9655172413793104,0.3299868106842041,0.0
house-votes-84,2,0.0,53,0.9741379310344828,0.9655172413793104,0.9655172413793104,1.1659681797027588,0.0
house-votes-84,2,0.01,53,0.9741379310344828,0.9655172413793104,0.9655172413793104,1.0306410789489746,0.0
house-votes-84,2,0.1,53,0.9741379310344828,0.9655172413793104,0.9655172413793104,0.3804285526275635,0.0
house-votes-84,3,0.0,37,0.9913793103448276,0.9482758620689656,0.9827586206896552,25.94608473777771,0.0
house-votes-84,3,0.01,37,0.9741379310344828,0.9482758620689656,0.9827586206896552,4.261045694351196,0.0
house-votes-84,3,0.1,37,0.9741379310344828,0.9482758620689656,0.9827586206896552,0.3110718727111816,0.0
house-votes-84,3,0.0,42,0.9827586206896552,0.8793103448275862,0.9482758620689656,38.974061250686646,0.0
house-votes-84,3,0.01,42,0.9827586206896552,0.896551724137931,0.9655172413793104,4.153017282485962,0.0
house-votes-84,3,0.1,42,0.9655172413793104,0.9827586206896552,0.9655172413793104,0.2219929695129394,0.0
house-votes-84,3,0.0,53,0.9913793103448276,0.9655172413793104,0.9482758620689656,36.151935338974,0.0
house-votes-84,3,0.01,53,0.9741379310344828,0.9655172413793104,0.9655172413793104,5.360065937042236,0.0
house-votes-84,3,0.1,53,0.9741379310344828,0.9655172413793104,0.9655172413793104,0.2681090831756592,0.0
house-votes-84,4,0.0,37,1.0,0.9310344827586208,0.9482758620689656,3.77003812789917,0.0
house-votes-84,4,0.01,37,0.9913793103448276,0.9655172413793104,0.9827586206896552,2.660896778106689,0.0
house-votes-84,4,0.1,37,0.9741379310344828,0.9482758620689656,0.9827586206896552,0.2580256462097168,0.0
house-votes-84,4,0.0,42,1.0,0.9482758620689656,0.913793103448276,174.45506262779236,0.0
house-votes-84,4,0.01,42,0.9827586206896552,0.896551724137931,0.9655172413793104,25.185011386871334,0.0
house-votes-84,4,0.1,42,0.9655172413793104,0.9827586206896552,0.9655172413793104,0.2220220565795898,0.0
house-votes-84,4,0.0,53,1.0,0.9655172413793104,0.9655172413793104,6.04804801940918,0.0
house-votes-84,4,0.01,53,0.9741379310344828,0.9655172413793104,0.9655172413793104,5.138871431350708,0.0
house-votes-84,4,0.1,53,0.9741379310344828,0.9655172413793104,0.9655172413793104,0.2309160232543945,0.0
house-votes-84,5,0.0,37,1.0,0.896551724137931,0.913793103448276,11.54218339920044,0.0
house-votes-84,5,0.01,37,0.9913793103448276,0.9655172413793104,0.9827586206896552,3.482001781463623,0.0
house-votes-84,5,0.1,37,0.9741379310344828,0.9482758620689656,0.9827586206896552,0.3128781318664551,0.0
house-votes-84,5,0.0,42,1.0,0.9310344827586208,0.9310344827586208,16.553049087524414,0.0
house-votes-84,5,0.01,42,0.9827586206896552,0.896551724137931,0.9655172413793104,60.64103269577026,0.0
house-votes-84,5,0.1,42,0.9655172413793104,0.9827586206896552,0.9655172413793104,0.409031867980957,0.0
house-votes-84,5,0.0,53,1.0,0.896551724137931,0.9827586206896552,4.1240551471710205,0.0
house-votes-84,5,0.01,53,0.9741379310344828,0.9655172413793104,0.9655172413793104,3.776946783065796,0.0
house-votes-84,5,0.1,53,0.9741379310344828,0.9655172413793104,0.9655172413793104,0.3491866588592529,0.0
soybean-small,2,0.0,37,1.0,0.75,0.9166666666666666,0.2307510375976562,0.0
soybean-small,2,0.01,37,1.0,0.9166666666666666,1.0,0.3930015563964844,0.0
soybean-small,2,0.1,37,1.0,0.6666666666666666,0.9166666666666666,0.4320600032806396,0.0
soybean-small,2,0.0,42,1.0,1.0,0.9166666666666666,0.3060050010681152,0.0
soybean-small,2,0.01,42,1.0,1.0,1.0,0.4579529762268066,0.0
soybean-small,2,0.1,42,1.0,1.0,0.9166666666666666,0.6189663410186768,0.0
soybean-small,2,0.0,53,1.0,1.0,1.0,0.2739794254302978,0.0
soybean-small,2,0.01,53,1.0,1.0,1.0,0.575481653213501,0.0
soybean-small,2,0.1,53,1.0,1.0,1.0,0.5949447154998779,0.0
soybean-small,3,0.0,37,1.0,1.0,1.0,0.2132701873779297,0.0
soybean-small,3,0.01,37,1.0,0.9166666666666666,1.0,0.3977227210998535,0.0
soybean-small,3,0.1,37,1.0,0.5,0.9166666666666666,1.1389684677124023,0.0
soybean-small,3,0.0,42,1.0,1.0,1.0,0.205087661743164,0.0
soybean-small,3,0.01,42,1.0,1.0,0.9166666666666666,0.972963571548462,0.0
soybean-small,3,0.1,42,1.0,1.0,0.9166666666666666,0.7689399719238281,0.0
soybean-small,3,0.0,53,1.0,1.0,0.9166666666666666,0.5600361824035645,0.0
soybean-small,3,0.01,53,1.0,0.8333333333333334,0.8333333333333334,0.6569383144378662,0.0
soybean-small,3,0.1,53,1.0,1.0,1.0,0.9972476959228516,0.0
soybean-small,4,0.0,37,1.0,0.6666666666666666,0.9166666666666666,0.3708112239837646,0.0
soybean-small,4,0.01,37,1.0,0.6666666666666666,0.9166666666666666,0.7779126167297363,0.0
soybean-small,4,0.1,37,1.0,0.25,0.8333333333333334,0.6979923248291016,0.0
soybean-small,4,0.0,42,1.0,0.8333333333333334,0.9166666666666666,0.6303699016571045,0.0
soybean-small,4,0.01,42,1.0,1.0,0.9166666666666666,0.6690287590026855,0.0
soybean-small,4,0.1,42,1.0,1.0,0.9166666666666666,0.7010798454284668,0.0
soybean-small,4,0.0,53,1.0,1.0,1.0,0.2430157661437988,0.0
soybean-small,4,0.01,53,1.0,1.0,1.0,0.84197998046875,0.0
soybean-small,4,0.1,53,1.0,1.0,1.0,0.7038447856903076,0.0
soybean-small,5,0.0,37,1.0,0.5,0.8333333333333334,0.5223095417022705,0.0
soybean-small,5,0.01,37,1.0,0.9166666666666666,1.0,1.1579976081848145,0.0
soybean-small,5,0.1,37,1.0,0.6666666666666666,0.9166666666666666,1.184072971343994,0.0
soybean-small,5,0.0,42,1.0,1.0,1.0,0.4489059448242187,0.0
soybean-small,5,0.01,42,1.0,1.0,0.9166666666666666,2.2268800735473637,0.0
soybean-small,5,0.1,42,1.0,1.0,0.9166666666666666,0.6587705612182617,0.0
soybean-small,5,0.0,53,1.0,0.8333333333333334,0.9166666666666666,0.2608997821807861,0.0
soybean-small,5,0.01,53,1.0,1.0,1.0,1.5079867839813232,0.0
soybean-small,5,0.1,53,1.0,1.0,1.0,1.162913799285889,0.0
spect,2,0.0,37,0.7894736842105263,0.7611940298507462,0.835820895522388,3.79148006439209,0.0
spect,2,0.01,37,0.7894736842105263,0.7611940298507462,0.835820895522388,1.9140129089355469,0.0
spect,2,0.1,37,0.7894736842105263,0.7611940298507462,0.835820895522388,0.2670891284942627,0.0
spect,2,0.0,42,0.8571428571428571,0.7014925373134329,0.7014925373134329,0.8299555778503418,0.0
spect,2,0.01,42,0.8571428571428571,0.7014925373134329,0.7014925373134329,0.8029580116271973,0.0
spect,2,0.1,42,0.7819548872180451,0.746268656716418,0.8656716417910447,0.3359947204589844,0.0
spect,2,0.0,53,0.8120300751879699,0.746268656716418,0.8059701492537313,4.673763036727905,0.0
spect,2,0.01,53,0.8120300751879699,0.746268656716418,0.8059701492537313,1.3288347721099854,0.0
spect,2,0.1,53,0.8120300751879699,0.746268656716418,0.8059701492537313,0.2082457542419433,0.0
spect,3,0.0,37,0.8195488721804511,0.7761194029850746,0.8208955223880597,278.14925384521484,0.0
spect,3,0.01,37,0.7894736842105263,0.7611940298507462,0.835820895522388,46.62502121925354,0.0
spect,3,0.1,37,0.7894736842105263,0.7611940298507462,0.835820895522388,0.3519384860992431,0.0
spect,3,0.0,42,0.9022556390977444,0.7164179104477612,0.7014925373134329,20.280030965805054,0.0
spect,3,0.01,42,0.9022556390977444,0.7164179104477612,0.7014925373134329,3.658647298812866,0.0
spect,3,0.1,42,0.7819548872180451,0.746268656716418,0.8656716417910447,0.4410209655761719,0.0
spect,3,0.0,53,0.8270676691729323,0.7164179104477612,0.6417910447761194,600.5743978023529,0.0219696913953183
spect,3,0.01,53,0.8120300751879699,0.746268656716418,0.8059701492537313,74.38084554672241,0.0
spect,3,0.1,53,0.8120300751879699,0.746268656716418,0.8059701492537313,0.2862350940704345,0.0
spect,4,0.0,37,0.8872180451127819,0.7313432835820896,0.8059701492537313,600.3569626808167,0.0289547737992474
spect,4,0.01,37,0.8571428571428571,0.7761194029850746,0.8507462686567164,447.6300995349884,0.0
spect,4,0.1,37,0.7894736842105263,0.7611940298507462,0.835820895522388,0.3680150508880615,0.0
spect,4,0.0,42,0.9398496240601504,0.6865671641791045,0.6268656716417911,600.4373347759247,0.0146666589253729
spect,4,0.01,42,0.9172932330827068,0.7014925373134329,0.7014925373134329,57.47242403030396,0.0
spect,4,0.1,42,0.7819548872180451,0.746268656716418,0.8656716417910447,0.4916858673095703,0.0
spect,4,0.0,53,0.8796992481203008,0.746268656716418,0.7761194029850746,600.3276038169861,0.0484330484330505
spect,4,0.01,53,0.8571428571428571,0.8208955223880597,0.8208955223880597,600.396324634552,0.0223984925844902
spect,4,0.1,53,0.8120300751879699,0.746268656716418,0.8059701492537313,0.2738978862762451,0.0
spect,5,0.0,37,0.924812030075188,0.7164179104477612,0.8059701492537313,600.1928169727325,0.024390235604918
spect,5,0.01,37,0.8646616541353384,0.7910447761194029,0.8507462686567164,600.3271131515503,0.0433073304403511
spect,5,0.1,37,0.7894736842105263,0.7611940298507462,0.835820895522388,0.4079089164733886,0.0
spect,5,0.0,42,0.9398496240601504,0.7014925373134329,0.7910447761194029,600.5071473121643,0.0399999944533318
spect,5,0.01,42,0.9172932330827068,0.7014925373134329,0.7014925373134329,600.190459728241,0.0164383561643822
spect,5,0.1,42,0.7819548872180451,0.746268656716418,0.8656716417910447,0.4560470581054687,0.0
spect,5,0.0,53,0.924812030075188,0.7014925373134329,0.6417910447761194,600.279461145401,0.0243902439024408
spect,5,0.01,53,0.8721804511278195,0.8059701492537313,0.8208955223880597,600.3324258327484,0.0488245931283926
spect,5,0.1,53,0.8120300751879699,0.746268656716418,0.8059701492537313,0.2691142559051513,0.0
tic-tac-toe,2,0.0,37,0.7202505219206681,0.694560669456067,0.675,61.46580243110657,0.0
tic-tac-toe,2,0.01,37,0.7202505219206681,0.694560669456067,0.675,91.35899138450624,0.0
tic-tac-toe,2,0.1,37,0.6597077244258872,0.6359832635983264,0.6583333333333333,7.701412677764893,0.0
tic-tac-toe,2,0.0,42,0.7077244258872651,0.6736401673640168,0.7125,62.49099159240723,0.0
tic-tac-toe,2,0.01,42,0.7077244258872651,0.6736401673640168,0.7125,78.3942539691925,0.0
tic-tac-toe,2,0.1,42,0.6910229645093946,0.6778242677824268,0.7375,27.65707802772522,0.0
tic-tac-toe,2,0.0,53,0.7077244258872651,0.7071129707112971,0.6791666666666667,67.97287321090698,0.0
tic-tac-toe,2,0.01,53,0.7035490605427975,0.698744769874477,0.7166666666666667,76.2248203754425,0.0
tic-tac-toe,2,0.1,53,0.6659707724425887,0.6359832635983264,0.6458333333333334,7.81710410118103,0.0
tic-tac-toe,3,0.0,37,0.7661795407098121,0.7949790794979079,0.7375,600.1665966510773,0.2493188010899234
tic-tac-toe,3,0.01,37,0.7265135699373695,0.7322175732217573,0.7291666666666666,600.1033585071564,0.3202969206553478
tic-tac-toe,3,0.1,37,0.6597077244258872,0.6359832635983264,0.6583333333333333,181.87216305732727,0.0
tic-tac-toe,3,0.0,42,0.7473903966597077,0.7531380753138075,0.8125,600.1475095748901,0.2425512104283021
tic-tac-toe,3,0.01,42,0.7369519832985386,0.6861924686192469,0.7,600.0699446201324,0.337388965864389
tic-tac-toe,3,0.1,42,0.6910229645093946,0.6778242677824268,0.7375,247.313591003418,0.0
tic-tac-toe,3,0.0,53,0.7891440501043842,0.7824267782426778,0.7375,600.0769209861755,0.2045855379188638
tic-tac-toe,3,0.01,53,0.7473903966597077,0.7447698744769874,0.7583333333333333,600.1184878349304,0.2816060614757539
tic-tac-toe,3,0.1,53,0.6659707724425887,0.6359832635983264,0.6458333333333334,106.3292679786682,0.0
tic-tac-toe,4,0.0,37,0.791231732776618,0.7531380753138075,0.7208333333333333,600.1571519374847,0.2638522427440693
tic-tac-toe,4,0.01,37,0.7202505219206681,0.694560669456067,0.675,600.1339421272278,0.3708465467630601
tic-tac-toe,4,0.1,37,0.6597077244258872,0.6359832635983264,0.6583333333333333,93.03843331336977,0.0
tic-tac-toe,4,0.0,42,0.8016701461377871,0.7949790794979079,0.7791666666666667,600.1334538459778,0.2473958333333302
tic-tac-toe,4,0.01,42,0.7202505219206681,0.7112970711297071,0.7875,600.2288391590118,0.435187752210204
tic-tac-toe,4,0.1,42,0.6910229645093946,0.6778242677824268,0.7375,269.3098945617676,0.0
tic-tac-toe,4,0.0,53,0.7724425887265136,0.694560669456067,0.7458333333333333,600.1856980323792,0.2945945945945838
tic-tac-toe,4,0.01,53,0.7473903966597077,0.7447698744769874,0.7583333333333333,600.1073884963989,0.3738040723496424
tic-tac-toe,4,0.1,53,0.6659707724425887,0.6359832635983264,0.6458333333333334,87.04501986503601,0.0
tic-tac-toe,5,0.0,37,0.7807933194154488,0.7782426778242678,0.7208333333333333,600.7201867103577,0.2807486631016095
tic-tac-toe,5,0.01,37,0.7599164926931107,0.694560669456067,0.7541666666666667,600.6760201454163,0.4730259001895189
tic-tac-toe,5,0.1,37,0.6597077244258872,0.6359832635983264,0.6583333333333333,101.77615237236024,0.0
tic-tac-toe,5,0.0,42,0.7640918580375783,0.7071129707112971,0.7625,600.1751325130463,0.3087431693989037
tic-tac-toe,5,0.01,42,0.7118997912317327,0.6736401673640168,0.7708333333333334,600.1508111953735,0.4272671784772315
tic-tac-toe,5,0.1,42,0.6910229645093946,0.6778242677824268,0.7375,220.78343534469604,0.0
tic-tac-toe,5,0.0,53,0.7369519832985386,0.6610878661087866,0.725,600.4433190822601,0.3569405099150035
tic-tac-toe,5,0.01,53,0.732776617954071,0.6820083682008368,0.7166666666666667,600.3698143959045,0.3915534994776798
tic-tac-toe,5,0.1,53,0.6659707724425887,0.6359832635983264,0.6458333333333334,75.06269025802612,0.0
monks-1,2,0.0,37,0.8093525179856115,0.7050359712230215,0.7841726618705036,2.985528945922852,0.0
monks-1,2,0.01,37,0.8093525179856115,0.7050359712230215,0.7841726618705036,3.4659454822540283,0.0
monks-1,2,0.1,37,0.7733812949640287,0.697841726618705,0.7410071942446043,1.220370531082153,0.0
monks-1,2,0.0,42,0.7913669064748201,0.7482014388489209,0.762589928057554,3.3872857093811035,0.0
monks-1,2,0.01,42,0.7913669064748201,0.7482014388489209,0.762589928057554,3.3493518829345703,0.0
monks-1,2,0.1,42,0.7482014388489209,0.7338129496402878,0.7553956834532374,2.053220748901367,0.0
monks-1,2,0.0,53,0.8093525179856115,0.7841726618705036,0.7050359712230215,3.317411422729492,0.0
monks-1,2,0.01,53,0.8093525179856115,0.7841726618705036,0.7050359712230215,2.7471413612365723,0.0
monks-1,2,0.1,53,0.7769784172661871,0.7338129496402878,0.697841726618705,1.4228696823120115,0.0
monks-1,3,0.0,37,0.9172661870503596,0.8776978417266187,0.8705035971223022,20.52513837814331,0.0
monks-1,3,0.01,37,0.9172661870503596,0.8776978417266187,0.8705035971223022,41.397417068481445,0.0
monks-1,3,0.1,37,0.7733812949640287,0.697841726618705,0.7410071942446043,4.505182504653931,0.0
monks-1,3,0.0,42,0.9064748201438848,0.8489208633093526,0.8633093525179856,31.37982058525085,0.0
monks-1,3,0.01,42,0.9064748201438848,0.8489208633093526,0.8633093525179856,54.00699520111084,0.0
monks-1,3,0.1,42,0.7482014388489209,0.7338129496402878,0.7553956834532374,9.81397819519043,0.0
monks-1,3,0.0,53,0.920863309352518,0.8705035971223022,0.841726618705036,42.60811400413513,0.0
monks-1,3,0.01,53,0.920863309352518,0.8705035971223022,0.841726618705036,43.28676342964173,0.0
monks-1,3,0.1,53,0.7769784172661871,0.7338129496402878,0.697841726618705,16.62562394142151,0.0
monks-1,4,0.0,37,1.0,1.0,1.0,21.19693636894226,0.0
monks-1,4,0.01,37,1.0,1.0,1.0,94.41650485992432,0.0
monks-1,4,0.1,37,0.7733812949640287,0.697841726618705,0.7410071942446043,9.592500925064089,0.0
monks-1,4,0.0,42,1.0,1.0,1.0,4.616981029510498,0.0
monks-1,4,0.01,42,1.0,1.0,1.0,59.05005884170532,0.0
monks-1,4,0.1,42,0.7482014388489209,0.7338129496402878,0.7553956834532374,59.540523529052734,0.0
monks-1,4,0.0,53,1.0,1.0,1.0,2.268773317337036,0.0
monks-1,4,0.01,53,1.0,1.0,1.0,18.22627854347229,0.0
monks-1,4,0.1,53,0.7769784172661871,0.7338129496402878,0.697841726618705,11.67678713798523,0.0
monks-1,5,0.0,37,1.0,1.0,1.0,20.226932287216187,0.0
monks-1,5,0.01,37,1.0,1.0,1.0,69.60103940963745,0.0
monks-1,5,0.1,37,0.7733812949640287,0.697841726618705,0.7410071942446043,10.892261028289795,0.0
monks-1,5,0.0,42,1.0,1.0,1.0,35.71255564689636,0.0
monks-1,5,0.01,42,1.0,1.0,1.0,43.35510587692261,0.0
monks-1,5,0.1,42,0.7482014388489209,0.7338129496402878,0.7553956834532374,29.470664501190186,0.0
monks-1,5,0.0,53,1.0,1.0,1.0,16.09047269821167,0.0
monks-1,5,0.01,53,1.0,1.0,1.0,33.02802610397339,0.0
monks-1,5,0.1,53,0.7769784172661871,0.7338129496402878,0.697841726618705,18.698999166488647,0.0
monks-2,2,0.0,37,0.63,0.62,0.6423841059602649,29.80275297164917,0.0
monks-2,2,0.01,37,0.6266666666666667,0.6733333333333333,0.7019867549668874,23.208988428115845,0.0
monks-2,2,0.1,37,0.6266666666666667,0.6733333333333333,0.7019867549668874,2.7479770183563232,0.0
monks-2,2,0.0,42,0.6433333333333333,0.64,0.6291390728476821,22.109041452407837,0.0
monks-2,2,0.01,42,0.64,0.68,0.6688741721854304,29.176501989364624,0.0
monks-2,2,0.1,42,0.64,0.68,0.6688741721854304,2.732945203781128,0.0
monks-2,2,0.0,53,0.66,0.6,0.5960264900662252,20.73784899711609,0.0
monks-2,2,0.01,53,0.66,0.6,0.5960264900662252,29.237905979156494,0.0
monks-2,2,0.1,53,0.6466666666666666,0.72,0.6158940397350994,3.6389412879943848,0.0
monks-2,3,0.0,37,0.6966666666666667,0.6,0.5298013245033113,600.2224276065826,0.2153110047846868
monks-2,3,0.01,37,0.6966666666666667,0.6,0.5298013245033113,600.2301750183105,0.25903944911297705
monks-2,3,0.1,37,0.6266666666666667,0.6733333333333333,0.7019867549668874,18.149482488632202,0.0
monks-2,3,0.0,42,0.6866666666666666,0.6333333333333333,0.6490066225165563,600.2276034355164,0.2645630845961044
monks-2,3,0.01,42,0.6833333333333333,0.6,0.6490066225165563,600.1607325077057,0.2958148527237569
monks-2,3,0.1,42,0.64,0.68,0.6688741721854304,9.286176919937134,0.0
monks-2,3,0.0,53,0.71,0.6133333333333333,0.5894039735099338,600.1868016719818,0.26291079812206264
monks-2,3,0.01,53,0.69,0.68,0.5960264900662252,600.1475031375885,0.2787633046122625
monks-2,3,0.1,53,0.6466666666666666,0.72,0.6158940397350994,44.988250732421875,0.0
monks-2,4,0.0,37,0.7166666666666667,0.62,0.543046357615894,600.171669960022,0.3953488330134077
monks-2,4,0.01,37,0.6933333333333334,0.6266666666666667,0.6225165562913907,600.185152053833,0.46766978446522545
monks-2,4,0.1,37,0.6266666666666667,0.6733333333333333,0.7019867549668874,38.53705596923828,0.0
monks-2,4,0.0,42,0.7166666666666667,0.6533333333333333,0.5894039735099338,600.2149827480316,0.3953488274420425
monks-2,4,0.01,42,0.66,0.7,0.6490066225165563,600.1915373802185,0.5156759883684294
monks-2,4,0.1,42,0.64,0.68,0.6688741721854304,62.286787271499634,0.0
monks-2,4,0.0,53,0.7466666666666667,0.6133333333333333,0.6026490066225165,600.2318024635315,0.33928571428571064
monks-2,4,0.01,53,0.67,0.6533333333333333,0.5960264900662252,600.1504101753235,0.49217928980303105
monks-2,4,0.1,53,0.6466666666666666,0.72,0.6158940397350994,12.615809679031372,0.0
monks-2,5,0.0,37,0.7566666666666667,0.5733333333333334,0.609271523178808,600.1849145889282,0.3215859030836967
monks-2,5,0.01,37,0.6633333333333333,0.64,0.7284768211920529,600.1772720813751,0.5327004219406867
monks-2,5,0.1,37,0.6266666666666667,0.6733333333333333,0.7019867549668874,30.783710479736328,0.0
monks-2,5,0.0,42,0.7933333333333333,0.6933333333333334,0.6556291390728477,600.1715633869171,0.2605042016806741
monks-2,5,0.01,42,0.6966666666666667,0.6666666666666666,0.5894039735099338,600.169305562973,0.46566740935789813
monks-2,5,0.1,42,0.64,0.68,0.6688741721854304,31.00412082672119,0.0
monks-2,5,0.0,53,0.73,0.6466666666666666,0.5827814569536424,600.271372795105,0.3698630136986252
monks-2,5,0.01,53,0.6633333333333333,0.6733333333333333,0.6158940397350994,600.179853439331,0.500343705657018
monks-2,5,0.1,53,0.6466666666666666,0.72,0.6158940397350994,12.818245887756348,0.0
monks-3,2,0.0,37,0.9711191335740073,0.9492753623188406,0.9640287769784173,1.4511194229125977,0.0
monks-3,2,0.01,37,0.9711191335740073,0.9492753623188406,0.9640287769784173,1.4212009906768799,0.0
monks-3,2,0.1,37,0.9711191335740073,0.9492753623188406,0.9640287769784173,0.7400219440460205,0.0
monks-3,2,0.0,42,0.9711191335740073,0.9492753623188406,0.9640287769784173,1.4122254848480225,0.0
monks-3,2,0.01,42,0.9711191335740073,0.9492753623188406,0.9640287769784173,1.0890884399414062,0.0
monks-3,2,0.1,42,0.9711191335740073,0.9492753623188406,0.9640287769784173,0.8816425800323486,0.0
monks-3,2,0.0,53,0.9675090252707581,0.9492753623188406,0.9712230215827338,1.4321765899658203,0.0
monks-3,2,0.01,53,0.9675090252707581,0.9492753623188406,0.9712230215827338,1.2476649284362793,0.0
monks-3,2,0.1,53,0.9675090252707581,0.9492753623188406,0.9712230215827338,1.4152166843414307,0.0
monks-3,3,0.0,37,0.9963898916967509,0.9637681159420289,1.0,6.026888370513916,0.0
monks-3,3,0.01,37,0.9963898916967509,0.9637681159420289,1.0,3.885612726211548,0.0
monks-3,3,0.1,37,0.9711191335740073,0.9492753623188406,0.9640287769784173,0.95345139503479,0.0
monks-3,3,0.0,42,0.9963898916967509,0.9855072463768116,0.9784172661870504,22.522867679595947,0.0
monks-3,3,0.01,42,0.9963898916967509,0.9855072463768116,0.9784172661870504,6.301664352416992,0.0
monks-3,3,0.1,42,0.9711191335740073,0.9492753623188406,0.9640287769784173,1.1145286560058594,0.0
monks-3,3,0.0,53,0.9927797833935018,0.9782608695652174,0.9928057553956835,27.58577036857605,0.0
monks-3,3,0.01,53,0.9927797833935018,0.9782608695652174,0.9928057553956835,7.770228862762451,0.0
monks-3,3,0.1,53,0.9675090252707581,0.9492753623188406,0.9712230215827338,1.0811095237731934,0.0
monks-3,4,0.0,37,0.9963898916967509,0.9637681159420289,1.0,600.0822601318359,0.0036231884057964132
monks-3,4,0.01,37,0.9963898916967509,0.9637681159420289,1.0,16.79523730278015,0.0
monks-3,4,0.1,37,0.9711191335740073,0.9492753623188406,0.9640287769784173,1.2277157306671143,0.0
monks-3,4,0.0,42,0.9963898916967509,0.9855072463768116,0.9784172661870504,600.1615867614746,0.003623188405797101
monks-3,4,0.01,42,0.9963898916967509,0.9855072463768116,0.9784172661870504,7.8869171142578125,0.0
monks-3,4,0.1,42,0.9711191335740073,0.9492753623188406,0.9640287769784173,1.0332386493682861,0.0
monks-3,4,0.0,53,0.9927797833935018,0.9782608695652174,0.9928057553956835,600.1436986923218,0.007272724093075664
monks-3,4,0.01,53,0.9927797833935018,0.9782608695652174,0.9928057553956835,19.668930292129517,0.0
monks-3,4,0.1,53,0.9675090252707581,0.9492753623188406,0.9712230215827338,0.7739293575286865,0.0
monks-3,5,0.0,37,0.9963898916967509,0.9637681159420289,1.0,600.2448382377625,0.0036231877372026257
monks-3,5,0.01,37,0.9963898916967509,0.9637681159420289,1.0,8.900207757949829,0.0
monks-3,5,0.1,37,0.9711191335740073,0.9492753623188406,0.9640287769784173,1.2785820960998535,0.0
monks-3,5,0.0,42,0.9963898916967509,0.9855072463768116,0.9784172661870504,600.2779190540314,0.0036231865962249804
monks-3,5,0.01,42,0.9963898916967509,0.9855072463768116,0.9784172661870504,8.895696878433228,0.0
monks-3,5,0.1,42,0.9711191335740073,0.9492753623188406,0.9640287769784173,1.3993337154388428,0.0
monks-3,5,0.0,53,0.9963898916967509,0.9637681159420289,0.9928057553956835,600.2253782749176,0.0036231867574647207
monks-3,5,0.01,53,0.9927797833935018,0.9782608695652174,0.9928057553956835,6.525918960571289,0.0
monks-3,5,0.1,53,0.9675090252707581,0.9492753623188406,0.9712230215827338,1.2310092449188232,0.0
