instance,method,depth,alpha,seed,train_acc,val_acc,test_acc,train_time,gap
balance-scale,n,3,0,11,0.6987179487179487,0.6089743589743589,0.7197452229299363,3.258301019668579,0.0
balance-scale,rb,3,0,11,0.6858974358974359,,0.6687898089171974,5.7092554569244385,0.0
balance-scale,cp,3,0,11,0.6858974358974359,,0.6687898089171974,11.896625518798828,0.0
balance-scale,n,3,0.01,11,0.6987179487179487,0.6089743589743589,0.7197452229299363,2.699425220489502,0.0
balance-scale,rb,3,0.01,11,0.6816239316239316,,0.6815286624203821,6.110349893569946,0.0
balance-scale,cp,3,0.01,11,0.6816239316239316,,0.6815286624203821,13.969504594802856,0.0
balance-scale,n,3,0.1,11,0.6923076923076923,0.6602564102564102,0.6815286624203821,1.6969056129455566,0.0
balance-scale,rb,3,0.1,11,0.6816239316239316,,0.6815286624203821,3.5352609157562256,0.0
balance-scale,cp,3,0.1,11,0.6816239316239316,,0.6815286624203821,9.134975910186768,0.0
balance-scale,n,3,0,23,0.6698717948717948,0.6666666666666666,0.7197452229299363,3.8936827182769775,0.0
balance-scale,rb,3,0,23,0.6688034188034188,,0.7197452229299363,6.059634685516357,0.0
balance-scale,cp,3,0,23,0.6688034188034188,,0.7197452229299363,13.931582927703857,0.0
balance-scale,n,3,0.01,23,0.6698717948717948,0.6666666666666666,0.7197452229299363,5.523147106170654,0.0
balance-scale,rb,3,0.01,23,0.6688034188034188,,0.7197452229299363,7.536115884780884,0.0
balance-scale,cp,3,0.01,23,0.6688034188034188,,0.7197452229299363,22.596916437149048,0.0
balance-scale,n,3,0.1,23,0.6602564102564102,0.6858974358974359,0.7197452229299363,1.8026094436645508,0.0
balance-scale,rb,3,0.1,23,0.6688034188034188,,0.7197452229299363,3.860952854156494,0.0
balance-scale,cp,3,0.1,23,0.6688034188034188,,0.7197452229299363,9.447052717208862,0.0
balance-scale,n,3,0,34,0.7019230769230769,0.6666666666666666,0.6560509554140127,1.7329926490783691,0.0
balance-scale,rb,3,0,34,0.6923076923076923,,0.6496815286624203,4.985007047653198,0.0
balance-scale,cp,3,0,34,0.6923076923076923,,0.6496815286624203,15.089346170425415,0.0
balance-scale,n,3,0.01,34,0.7019230769230769,0.6666666666666666,0.6560509554140127,3.0977983474731445,0.0
balance-scale,rb,3,0.01,34,0.6901709401709402,,0.6560509554140127,4.407821893692017,0.0
balance-scale,cp,3,0.01,34,0.6901709401709402,,0.6560509554140127,18.254376888275146,0.0
balance-scale,n,3,0.1,34,0.7019230769230769,0.6666666666666666,0.6560509554140127,1.5874459743499756,0.0
balance-scale,rb,3,0.1,34,0.6901709401709402,,0.6560509554140127,3.4690167903900146,0.0
balance-scale,cp,3,0.1,34,0.6901709401709402,,0.6560509554140127,10.145355701446533,0.0
balance-scale,n,3,0,45,0.6826923076923077,0.5961538461538461,0.6751592356687898,1.7990338802337646,0.0
balance-scale,rb,3,0,45,0.6816239316239316,,0.6815286624203821,5.6623687744140625,0.0
balance-scale,cp,3,0,45,0.6816239316239316,,0.6815286624203821,25.69058322906494,0.0
balance-scale,n,3,0.01,45,0.6826923076923077,0.5961538461538461,0.6751592356687898,3.391282796859741,0.0
balance-scale,rb,3,0.01,45,0.6794871794871795,,0.6878980891719745,6.232515573501587,0.0
balance-scale,cp,3,0.01,45,0.6794871794871795,,0.6878980891719745,40.64973258972168,0.0
balance-scale,n,3,0.1,45,0.6698717948717948,0.6987179487179487,0.6878980891719745,1.8940472602844238,0.0
balance-scale,rb,3,0.1,45,0.6794871794871795,,0.6878980891719745,5.059726238250732,0.0
balance-scale,cp,3,0.1,45,0.6794871794871795,,0.6878980891719745,6.717573165893555,0.0
balance-scale,n,3,0,56,0.7307692307692307,0.6474358974358975,0.6178343949044586,1.1846683025360107,0.0
balance-scale,rb,3,0,56,0.7029914529914529,,0.6178343949044586,4.003510475158691,0.0
balance-scale,cp,3,0,56,0.7029914529914529,,0.6178343949044586,10.062394380569458,0.0
balance-scale,n,3,0.01,56,0.7307692307692307,0.6474358974358975,0.6178343949044586,2.136122465133667,0.0
balance-scale,rb,3,0.01,56,0.7029914529914529,,0.6178343949044586,5.425385236740112,0.0
balance-scale,cp,3,0.01,56,0.7029914529914529,,0.6178343949044586,21.63263201713562,0.0
balance-scale,n,3,0.1,56,0.7211538461538461,0.6666666666666666,0.6178343949044586,1.611816644668579,0.0
balance-scale,rb,3,0.1,56,0.7029914529914529,,0.6178343949044586,3.510948419570923,0.0
balance-scale,cp,3,0.1,56,0.7029914529914529,,0.6178343949044586,6.7237584590911865,0.0
balance-scale,n,3,0,67,0.7467948717948718,0.6025641025641025,0.6305732484076433,1.2109994888305664,0.0
balance-scale,rb,3,0,67,0.6987179487179487,,0.6305732484076433,5.508732080459595,0.0
balance-scale,cp,3,0,67,0.6987179487179487,,0.6305732484076433,9.217350959777832,0.0
balance-scale,n,3,0.01,67,0.7435897435897436,0.6025641025641025,0.6369426751592356,2.41359281539917,0.0
balance-scale,rb,3,0.01,67,0.6965811965811965,,0.6369426751592356,4.447103261947632,0.0
balance-scale,cp,3,0.01,67,0.6965811965811965,,0.6369426751592356,13.090321779251099,0.0
balance-scale,n,3,0.1,67,0.7435897435897436,0.6025641025641025,0.6369426751592356,1.279026985168457,0.0
balance-scale,rb,3,0.1,67,0.6965811965811965,,0.6369426751592356,3.0936708450317383,0.0
balance-scale,cp,3,0.1,67,0.6965811965811965,,0.6369426751592356,12.633053541183472,0.0
balance-scale,n,3,0,78,0.6955128205128205,0.6730769230769231,0.6624203821656051,1.933427095413208,0.0
balance-scale,rb,3,0,78,0.688034188034188,,0.6624203821656051,6.202794313430786,0.0
balance-scale,cp,3,0,78,0.688034188034188,,0.6624203821656051,14.476481914520264,0.0
balance-scale,n,3,0.01,78,0.6955128205128205,0.6730769230769231,0.6624203821656051,2.698867082595825,0.0
balance-scale,rb,3,0.01,78,0.6794871794871795,,0.6878980891719745,5.357139348983765,0.0
balance-scale,cp,3,0.01,78,0.6837606837606838,,0.6751592356687898,20.98189067840576,0.0
balance-scale,n,3,0.1,78,0.6891025641025641,0.6730769230769231,0.6751592356687898,1.4561359882354736,0.0
balance-scale,rb,3,0.1,78,0.6837606837606838,,0.6751592356687898,3.4468801021575928,0.0
balance-scale,cp,3,0.1,78,0.6837606837606838,,0.6751592356687898,7.512422800064087,0.0
balance-scale,n,3,0,89,0.6923076923076923,0.6025641025641025,0.6496815286624203,2.2569546699523926,0.0
balance-scale,rb,3,0,89,0.6773504273504274,,0.6942675159235668,5.654002666473389,0.0
balance-scale,cp,3,0,89,0.6773504273504274,,0.6942675159235668,14.257929563522339,0.0
balance-scale,n,3,0.01,89,0.6923076923076923,0.6025641025641025,0.6496815286624203,3.5061838626861572,0.0
balance-scale,rb,3,0.01,89,0.6752136752136753,,0.7006369426751592,5.354484558105469,0.0
balance-scale,cp,3,0.01,89,0.6752136752136753,,0.7006369426751592,17.725483417510986,0.0
balance-scale,n,3,0.1,89,0.6730769230769231,0.6794871794871795,0.7006369426751592,2.3477632999420166,0.0
balance-scale,rb,3,0.1,89,0.6752136752136753,,0.7006369426751592,3.7804834842681885,0.0
balance-scale,cp,3,0.1,89,0.6752136752136753,,0.7006369426751592,9.385364532470703,0.0
balance-scale,n,3,0,93,0.6955128205128205,0.6538461538461539,0.6496815286624203,2.0171124935150146,0.0
balance-scale,rb,3,0,93,0.6965811965811965,,0.6369426751592356,4.927272319793701,0.0
balance-scale,cp,3,0,93,0.6965811965811965,,0.6369426751592356,14.291282415390015,0.0
balance-scale,n,3,0.01,93,0.6955128205128205,0.6538461538461539,0.6496815286624203,3.2431514263153076,0.0
balance-scale,rb,3,0.01,93,0.6965811965811965,,0.6369426751592356,5.399176359176636,0.0
balance-scale,cp,3,0.01,93,0.6965811965811965,,0.6369426751592356,15.572224855422974,0.0
balance-scale,n,3,0.1,93,0.6891025641025641,0.6923076923076923,0.6560509554140127,2.1972296237945557,0.0
balance-scale,rb,3,0.1,93,0.6901709401709402,,0.6560509554140127,4.1150195598602295,0.0
balance-scale,cp,3,0.1,93,0.6901709401709402,,0.6560509554140127,7.451188802719116,0.0
balance-scale,n,3,0,5,0.6826923076923077,0.6987179487179487,0.6624203821656051,2.3836567401885986,0.0
balance-scale,rb,3,0,5,0.6923076923076923,,0.6496815286624203,4.8893516063690186,0.0
balance-scale,cp,3,0,5,0.6923076923076923,,0.6496815286624203,12.009718418121338,0.0
balance-scale,n,3,0.01,5,0.6826923076923077,0.6987179487179487,0.6624203821656051,2.4822611808776855,0.0
balance-scale,rb,3,0.01,5,0.688034188034188,,0.6624203821656051,5.2811620235443115,0.0
balance-scale,cp,3,0.01,5,0.688034188034188,,0.6624203821656051,9.174217224121094,0.0
balance-scale,n,3,0.1,5,0.6826923076923077,0.6987179487179487,0.6624203821656051,1.8218491077423096,0.0
balance-scale,rb,3,0.1,5,0.688034188034188,,0.6624203821656051,3.610527753829956,0.0
balance-scale,cp,3,0.1,5,0.688034188034188,,0.6624203821656051,10.065192937850952,0.0
breast-cancer,n,3,0,11,0.7971014492753623,0.6956521739130435,0.7857142857142857,9.916975975036621,0.0
breast-cancer,rb,3,0,11,0.7729468599033816,,0.7857142857142857,9.183178901672363,0.0
breast-cancer,cp,3,0,11,0.7729468599033816,,0.7857142857142857,17.089811086654663,0.0
breast-cancer,n,3,0.01,11,0.7971014492753623,0.6956521739130435,0.7857142857142857,6.98865008354187,0.0
breast-cancer,rb,3,0.01,11,0.7681159420289855,,0.8,9.592925786972046,0.0
breast-cancer,cp,3,0.01,11,0.7681159420289855,,0.8,17.12823176383972,0.0
breast-cancer,n,3,0.1,11,0.7101449275362319,0.6666666666666666,0.7428571428571429,1.1375954151153564,0.0
breast-cancer,rb,3,0.1,11,0.6956521739130435,,0.7428571428571429,1.8477883338928223,0.0
breast-cancer,cp,3,0.1,11,0.6956521739130435,,0.7428571428571429,2.7286298274993896,0.0
breast-cancer,n,3,0,23,0.7898550724637681,0.7681159420289855,0.7142857142857143,3.769922971725464,0.0
breast-cancer,rb,3,0,23,0.7971014492753623,,0.6571428571428571,8.384799718856812,0.0
breast-cancer,cp,3,0,23,0.7971014492753623,,0.6571428571428571,11.372986078262329,0.0
breast-cancer,n,3,0.01,23,0.7898550724637681,0.7681159420289855,0.7142857142857143,6.272083282470703,0.0
breast-cancer,rb,3,0.01,23,0.7971014492753623,,0.6571428571428571,9.108633041381836,0.0
breast-cancer,cp,3,0.01,23,0.7971014492753623,,0.6571428571428571,13.485291719436646,0.0
breast-cancer,n,3,0.1,23,0.6956521739130435,0.6811594202898551,0.7571428571428571,1.3224470615386963,0.0
breast-cancer,rb,3,0.1,23,0.6908212560386473,,0.7571428571428571,1.98329758644104,0.0
breast-cancer,cp,3,0.1,23,0.6908212560386473,,0.7571428571428571,2.973888635635376,0.0
breast-cancer,n,3,0,34,0.7971014492753623,0.7101449275362319,0.6857142857142857,5.495847940444946,0.0
breast-cancer,rb,3,0,34,0.7681159420289855,,0.6857142857142857,6.624426364898682,0.0
breast-cancer,cp,3,0,34,0.7681159420289855,,0.6857142857142857,14.661194562911987,0.0
breast-cancer,n,3,0.01,34,0.7971014492753623,0.6956521739130435,0.7571428571428571,7.3778157234191895,0.0
breast-cancer,rb,3,0.01,34,0.7681159420289855,,0.7714285714285715,12.669747591018677,0.0
breast-cancer,cp,3,0.01,34,0.7681159420289855,,0.6571428571428571,15.04952621459961,0.0
breast-cancer,n,3,0.1,34,0.717391304347826,0.6086956521739131,0.7857142857142857,1.4909968376159668,0.0
breast-cancer,rb,3,0.1,34,0.6811594202898551,,0.7857142857142857,2.389025926589966,0.0
breast-cancer,cp,3,0.1,34,0.6811594202898551,,0.7857142857142857,4.394265413284302,0.0
breast-cancer,n,3,0,45,0.8043478260869565,0.7391304347826086,0.6571428571428571,5.765238285064697,0.0
breast-cancer,rb,3,0,45,0.7971014492753623,,0.7142857142857143,9.044763803482056,0.0
breast-cancer,cp,3,0,45,0.7971014492753623,,0.7142857142857143,10.209668636322021,0.0
breast-cancer,n,3,0.01,45,0.8043478260869565,0.7391304347826086,0.6571428571428571,7.995577573776245,0.0
breast-cancer,rb,3,0.01,45,0.7922705314009661,,0.7285714285714285,10.686809301376343,0.0
breast-cancer,cp,3,0.01,45,0.7922705314009661,,0.7285714285714285,14.194015741348267,0.0
breast-cancer,n,3,0.1,45,0.7101449275362319,0.7101449275362319,0.7,1.3563783168792725,0.0
breast-cancer,rb,3,0.1,45,0.2995169082125604,,0.34285714285714286,0.8236868381500244,0.0
breast-cancer,cp,3,0.1,45,0.7101449275362319,,0.7,2.542254686355591,0.0
breast-cancer,n,3,0,56,0.7898550724637681,0.7536231884057971,0.6714285714285714,6.908628463745117,0.0
breast-cancer,rb,3,0,56,0.782608695652174,,0.7428571428571429,10.60134482383728,0.0
breast-cancer,cp,3,0,56,0.782608695652174,,0.6857142857142857,16.843848943710327,0.0
breast-cancer,n,3,0.01,56,0.7898550724637681,0.7536231884057971,0.6714285714285714,8.02001166343689,0.0
breast-cancer,rb,3,0.01,56,0.7777777777777778,,0.7571428571428571,12.292202949523926,0.0
breast-cancer,cp,3,0.01,56,0.7777777777777778,,0.7571428571428571,16.856276512145996,0.0
breast-cancer,n,3,0.1,56,0.7101449275362319,0.7681159420289855,0.6428571428571429,1.1088783740997314,0.0
breast-cancer,rb,3,0.1,56,0.7294685990338164,,0.6428571428571429,1.2522943019866943,0.0
breast-cancer,cp,3,0.1,56,0.7294685990338164,,0.6428571428571429,2.646268844604492,0.0
breast-cancer,n,3,0,67,0.7681159420289855,0.7971014492753623,0.6714285714285714,5.823346138000488,0.0
breast-cancer,rb,3,0,67,0.7922705314009661,,0.6857142857142857,10.00966215133667,0.0
breast-cancer,cp,3,0,67,0.7922705314009661,,0.6857142857142857,13.310710668563843,0.0
breast-cancer,n,3,0.01,67,0.7681159420289855,0.7971014492753623,0.6714285714285714,9.361207008361816,0.0
breast-cancer,rb,3,0.01,67,0.7874396135265701,,0.7,11.673628091812134,0.0
breast-cancer,cp,3,0.01,67,0.7874396135265701,,0.7,13.279116153717041,0.0
breast-cancer,n,3,0.1,67,0.6884057971014492,0.7971014492753623,0.6571428571428571,1.6441388130187988,0.0
breast-cancer,rb,3,0.1,67,0.7246376811594203,,0.6571428571428571,1.4625649452209473,0.0
breast-cancer,cp,3,0.1,67,0.7246376811594203,,0.6571428571428571,2.0149319171905518,0.0
breast-cancer,n,3,0,78,0.8260869565217391,0.6376811594202898,0.6571428571428571,6.519932746887207,0.0
breast-cancer,rb,3,0,78,0.782608695652174,,0.7285714285714285,10.030015707015991,0.0
breast-cancer,cp,3,0,78,0.782608695652174,,0.7428571428571429,13.482125043869019,0.0
breast-cancer,n,3,0.01,78,0.8188405797101449,0.6956521739130435,0.7285714285714285,7.804442882537842,0.0
breast-cancer,rb,3,0.01,78,0.34782608695652173,,0.3142857142857143,0.9798793792724609,0.0
breast-cancer,cp,3,0.01,78,0.782608695652174,,0.7428571428571429,14.763239860534668,0.0
breast-cancer,n,3,0.1,78,0.782608695652174,0.6376811594202898,0.6285714285714286,0.8428871631622314,0.0
breast-cancer,rb,3,0.1,78,0.7342995169082126,,0.6285714285714286,1.2482967376708984,0.0
breast-cancer,cp,3,0.1,78,0.7342995169082126,,0.6285714285714286,2.509343385696411,0.0
breast-cancer,n,3,0,89,0.7971014492753623,0.6956521739130435,0.6571428571428571,6.410149812698364,0.0
breast-cancer,rb,3,0,89,0.8019323671497585,,0.6714285714285714,8.236407041549683,0.0
breast-cancer,cp,3,0,89,0.8019323671497585,,0.6714285714285714,13.49872875213623,0.0
breast-cancer,n,3,0.01,89,0.7971014492753623,0.6956521739130435,0.6571428571428571,8.644302368164062,0.0
breast-cancer,rb,3,0.01,89,0.7922705314009661,,0.7142857142857143,2.595579147338867,0.0
breast-cancer,cp,3,0.01,89,0.7971014492753623,,0.7142857142857143,15.703322887420654,0.0
breast-cancer,n,3,0.1,89,0.717391304347826,0.6811594202898551,0.7142857142857143,1.1090459823608398,0.0
breast-cancer,rb,3,0.1,89,0.7053140096618358,,0.7142857142857143,1.802199363708496,0.0
breast-cancer,cp,3,0.1,89,0.7053140096618358,,0.7142857142857143,3.2583765983581543,0.0
breast-cancer,n,3,0,93,0.8115942028985508,0.7246376811594203,0.7428571428571429,6.744313716888428,0.0
breast-cancer,rb,3,0,93,0.7874396135265701,,0.7428571428571429,10.333740234375,0.0
breast-cancer,cp,3,0,93,0.7874396135265701,,0.7428571428571429,21.344300746917725,0.0
breast-cancer,n,3,0.01,93,0.8115942028985508,0.7391304347826086,0.7428571428571429,8.382966995239258,0.0
breast-cancer,rb,3,0.01,93,0.7874396135265701,,0.7428571428571429,11.743915319442749,0.0
breast-cancer,cp,3,0.01,93,0.7874396135265701,,0.7428571428571429,15.0787513256073,0.0
breast-cancer,n,3,0.1,93,0.7608695652173914,0.6811594202898551,0.6285714285714286,0.8313181400299072,0.0
breast-cancer,rb,3,0.1,93,0.7342995169082126,,0.6285714285714286,1.344555139541626,0.0
breast-cancer,cp,3,0.1,93,0.7342995169082126,,0.6285714285714286,2.1397619247436523,0.0
breast-cancer,n,3,0,5,0.8043478260869565,0.7391304347826086,0.7428571428571429,6.860096454620361,0.0
breast-cancer,rb,3,0,5,0.7874396135265701,,0.7428571428571429,10.116827249526978,0.0
breast-cancer,cp,3,0,5,0.7874396135265701,,0.7428571428571429,11.74895715713501,0.0
breast-cancer,n,3,0.01,5,0.8043478260869565,0.7391304347826086,0.7428571428571429,7.757495880126953,0.0
breast-cancer,rb,3,0.01,5,0.6521739130434783,,0.7285714285714285,3.013850450515747,0.0
breast-cancer,cp,3,0.01,5,0.782608695652174,,0.7428571428571429,17.10052728652954,0.0
breast-cancer,n,3,0.1,5,0.7318840579710145,0.6956521739130435,0.6714285714285714,1.0402967929840088,0.0
breast-cancer,rb,3,0.1,5,0.7198067632850241,,0.6714285714285714,1.5403718948364258,0.0
breast-cancer,cp,3,0.1,5,0.7198067632850241,,0.6714285714285714,3.5988399982452393,0.0
car-evaluation,n,3,0,11,0.7754629629629629,0.7916666666666666,0.7685185185185185,30.17079472541809,0.0
car-evaluation,rb,3,0,11,0.7808641975308642,,0.7685185185185185,66.59532642364502,0.0
car-evaluation,cp,3,0,11,0.7808641975308642,,0.7685185185185185,110.38082003593445,0.0
car-evaluation,n,3,0.01,11,0.7754629629629629,0.7916666666666666,0.7685185185185185,29.060092210769653,0.0
car-evaluation,rb,3,0.01,11,0.7808641975308642,,0.7685185185185185,64.60013675689697,0.0
car-evaluation,cp,3,0.01,11,0.7808641975308642,,0.7685185185185185,78.75342869758606,0.0
car-evaluation,n,3,0.1,11,0.7002314814814815,0.6921296296296297,0.7083333333333334,7.510719060897827,0.0
car-evaluation,rb,3,0.1,11,0.6975308641975309,,0.7083333333333334,17.623051404953003,0.0
car-evaluation,cp,3,0.1,11,0.6975308641975309,,0.7083333333333334,20.389023303985596,0.0
car-evaluation,n,3,0,23,0.7835648148148148,0.7847222222222222,0.7592592592592593,20.370702505111694,0.0
car-evaluation,rb,3,0,23,0.7839506172839507,,0.7592592592592593,80.14145851135254,0.0
car-evaluation,cp,3,0,23,0.7839506172839507,,0.7592592592592593,95.38706612586975,0.0
car-evaluation,n,3,0.01,23,0.7835648148148148,0.7847222222222222,0.7592592592592593,20.440500020980835,0.0
car-evaluation,rb,3,0.01,23,0.7839506172839507,,0.7592592592592593,41.303590536117554,0.0
car-evaluation,cp,3,0.01,23,0.7839506172839507,,0.7592592592592593,225.64352297782898,0.0
car-evaluation,n,3,0.1,23,0.6921296296296297,0.6921296296296297,0.7245370370370371,11.90587592124939,0.0
car-evaluation,rb,3,0.1,23,0.6921296296296297,,0.7245370370370371,25.422306299209595,0.0
car-evaluation,cp,3,0.1,23,0.6921296296296297,,0.7245370370370371,25.30948305130005,0.0
car-evaluation,n,3,0,34,0.7905092592592593,0.7407407407407407,0.7893518518518519,36.87320804595947,0.0
car-evaluation,rb,3,0,34,0.7739197530864198,,0.7893518518518519,78.53728079795837,0.0
car-evaluation,cp,3,0,34,0.7739197530864198,,0.7893518518518519,99.11278009414673,0.0
car-evaluation,n,3,0.01,34,0.7905092592592593,0.7407407407407407,0.7893518518518519,15.077752828598022,0.0
car-evaluation,rb,3,0.01,34,0.7739197530864198,,0.7893518518518519,70.49281477928162,0.0
car-evaluation,cp,3,0.01,34,0.7739197530864198,,0.7893518518518519,272.8486359119415,0.0
car-evaluation,n,3,0.1,34,0.6956018518518519,0.6712962962962963,0.7384259259259259,9.00611662864685,0.0
car-evaluation,rb,3,0.1,34,0.6875,,0.7384259259259259,25.72314453125,0.0
car-evaluation,cp,3,0.1,34,0.6875,,0.7384259259259259,33.45077657699585,0.0
car-evaluation,n,3,0,45,0.7835648148148148,0.7847222222222222,0.7592592592592593,49.747971057891846,0.0
car-evaluation,rb,3,0,45,0.7839506172839507,,0.7592592592592593,53.907249212265015,0.0
car-evaluation,cp,3,0,45,0.7839506172839507,,0.7592592592592593,107.12937521934509,0.0
car-evaluation,n,3,0.01,45,0.7835648148148148,0.7847222222222222,0.7592592592592593,16.998875856399536,0.0
car-evaluation,rb,3,0.01,45,0.7839506172839507,,0.7592592592592593,45.573368072509766,0.0
car-evaluation,cp,3,0.01,45,0.7839506172839507,,0.7592592592592593,188.24540972709656,0.0
car-evaluation,n,3,0.1,45,0.7094907407407407,0.6828703703703703,0.6990740740740741,15.203346967697144,0.0
car-evaluation,rb,3,0.1,45,0.7006172839506173,,0.6990740740740741,26.77545714378357,0.0
car-evaluation,cp,3,0.1,45,0.7006172839506173,,0.6990740740740741,31.007136821746826,0.0
car-evaluation,n,3,0,56,0.7916666666666666,0.7754629629629629,0.7523148148148148,35.28668928146362,0.0
car-evaluation,rb,3,0,56,0.7862654320987654,,0.7523148148148148,71.22869944572449,0.0
car-evaluation,cp,3,0,56,0.7862654320987654,,0.7523148148148148,38.983391523361206,0.0
car-evaluation,n,3,0.01,56,0.7916666666666666,0.7754629629629629,0.7523148148148148,13.52481484413147,0.0
car-evaluation,rb,3,0.01,56,0.7862654320987654,,0.7523148148148148,56.39591932296753,0.0
car-evaluation,cp,3,0.01,56,0.7862654320987654,,0.7523148148148148,140.86056399345398,0.0
car-evaluation,n,3,0.1,56,0.7060185185185185,0.6898148148148148,0.6990740740740741,9.3510000705719,0.0
car-evaluation,rb,3,0.1,56,0.7006172839506173,,0.6990740740740741,24.777609825134277,0.0
car-evaluation,cp,3,0.1,56,0.7006172839506173,,0.6990740740740741,39.41403269767761,0.0
car-evaluation,n,3,0,67,0.7939814814814815,0.7569444444444444,0.7662037037037037,17.02246928215027,0.0
car-evaluation,rb,3,0,67,0.7816358024691358,,0.7662037037037037,45.68908143043518,0.0
car-evaluation,cp,3,0,67,0.7816358024691358,,0.7662037037037037,109.48387718200684,0.0
car-evaluation,n,3,0.01,67,0.7939814814814815,0.7569444444444444,0.7662037037037037,24.986210346221924,0.0
car-evaluation,rb,3,0.01,67,0.7816358024691358,,0.7662037037037037,76.00799417495728,0.0
car-evaluation,cp,3,0.01,67,0.7816358024691358,,0.7662037037037037,169.40565156936646,0.0
car-evaluation,n,3,0.1,67,0.7094907407407407,0.6689814814814815,0.7129629629629629,16.94129252433777,0.0
car-evaluation,rb,3,0.1,67,0.6959876543209876,,0.7129629629629629,26.41836905479431,0.0
car-evaluation,cp,3,0.1,67,0.6959876543209876,,0.7129629629629629,21.68354368209839,0.0
car-evaluation,n,3,0,78,0.7662037037037037,0.7870370370370371,0.7916666666666666,33.90648078918457,0.0
car-evaluation,rb,3,0,78,0.7731481481481481,,0.7916666666666666,61.992544412612915,0.0
car-evaluation,cp,3,0,78,0.7731481481481481,,0.7916666666666666,141.80196809768677,0.0
car-evaluation,n,3,0.01,78,0.7662037037037037,0.7870370370370371,0.7916666666666666,38.711506605148315,0.0
car-evaluation,rb,3,0.01,78,0.7731481481481481,,0.7916666666666666,63.85584044456482,0.0
car-evaluation,cp,3,0.01,78,0.7731481481481481,,0.7916666666666666,175.9943778514862,0.0
car-evaluation,n,3,0.1,78,0.6956018518518519,0.7083333333333334,0.7013888888888888,12.266208171844482,0.0
car-evaluation,rb,3,0.1,78,0.6998456790123457,,0.7013888888888888,18.58830451965332,0.0
car-evaluation,cp,3,0.1,78,0.6998456790123457,,0.7013888888888888,22.021126985549927,0.0
car-evaluation,n,3,0,89,0.7777777777777778,0.7638888888888888,0.7916666666666666,18.916426420211792,0.0
car-evaluation,rb,3,0,89,0.7731481481481481,,0.7916666666666666,76.37873315811157,0.0
car-evaluation,cp,3,0,89,0.7731481481481481,,0.7916666666666666,145.1461992263794,0.0
car-evaluation,n,3,0.01,89,0.7777777777777778,0.7638888888888888,0.7916666666666666,50.965872287750244,0.0
car-evaluation,rb,3,0.01,89,0.7731481481481481,,0.7916666666666666,69.74015641212463,0.0
car-evaluation,cp,3,0.01,89,0.7731481481481481,,0.7916666666666666,233.10683488845825,0.0
car-evaluation,n,3,0.1,89,0.7013888888888888,0.7013888888888888,0.6967592592592593,12.587876319885254,0.0
car-evaluation,rb,3,0.1,89,0.7013888888888888,,0.6967592592592593,15.713995456695557,0.0
car-evaluation,cp,3,0.1,89,0.7013888888888888,,0.6967592592592593,12.218843460083008,0.0
car-evaluation,n,3,0,93,0.78125,0.7569444444444444,0.7916666666666666,23.92062520980835,0.0
car-evaluation,rb,3,0,93,0.7731481481481481,,0.7916666666666666,57.21057200431824,0.0
car-evaluation,cp,3,0,93,0.7731481481481481,,0.7916666666666666,40.246665477752686,0.0
car-evaluation,n,3,0.01,93,0.78125,0.7569444444444444,0.7916666666666666,23.753495454788208,0.0
car-evaluation,rb,3,0.01,93,0.7731481481481481,,0.7916666666666666,86.39757084846497,0.0
car-evaluation,cp,3,0.01,93,0.7731481481481481,,0.7916666666666666,224.04421639442444,0.0
car-evaluation,n,3,0.1,93,0.7060185185185185,0.6828703703703703,0.7060185185185185,7.909879207611084,0.0
car-evaluation,rb,3,0.1,93,0.6983024691358025,,0.7060185185185185,21.295701265335083,0.0
car-evaluation,cp,3,0.1,93,0.6983024691358025,,0.7060185185185185,27.723912000656128,0.0
car-evaluation,n,3,0,5,0.7708333333333334,0.7615740740740741,0.7731481481481481,32.1620147228241,0.0
car-evaluation,rb,3,0,5,0.7746913580246914,,0.7870370370370371,70.68738675117493,0.0
car-evaluation,cp,3,0,5,0.7746913580246914,,0.7870370370370371,118.91810178756714,0.0
car-evaluation,n,3,0.01,5,0.7708333333333334,0.7615740740740741,0.7731481481481481,32.18955969810486,0.0
car-evaluation,rb,3,0.01,5,0.7746913580246914,,0.7870370370370371,69.8084568977356,0.0
car-evaluation,cp,3,0.01,5,0.7746913580246914,,0.7870370370370371,309.111115694046,0.0
car-evaluation,n,3,0.1,5,0.7048611111111112,0.6712962962962963,0.7199074074074074,11.22296667098999,0.0
car-evaluation,rb,3,0.1,5,0.6936728395061729,,0.7199074074074074,29.734878301620483,0.0
car-evaluation,cp,3,0.1,5,0.6936728395061729,,0.7199074074074074,56.04478430747986,0.0
hayes-roth,n,3,0,11,0.65,0.625,0.5,1.112224817276001,0.0
hayes-roth,rb,3,0,11,0.6583333333333333,,0.5,1.922856330871582,0.0
hayes-roth,cp,3,0,11,0.6583333333333333,,0.5,6.091413497924805,0.0
hayes-roth,n,3,0.01,11,0.65,0.625,0.5,1.4029459953308105,0.0
hayes-roth,rb,3,0.01,11,0.6583333333333333,,0.5,2.783667802810669,0.0
hayes-roth,cp,3,0.01,11,0.6583333333333333,,0.5,5.178097248077393,0.0
hayes-roth,n,3,0.1,11,0.6125,0.525,0.65,1.4547839164733887,0.0
hayes-roth,rb,3,0.1,11,0.6416666666666667,,0.45,2.6768441200256348,0.0
hayes-roth,cp,3,0.1,11,0.6416666666666667,,0.45,4.247460842132568,0.0
hayes-roth,n,3,0,23,0.6375,0.65,0.6,2.6703877449035645,0.0
hayes-roth,rb,3,0,23,0.6583333333333333,,0.5,2.0094637870788574,0.0
hayes-roth,cp,3,0,23,0.6583333333333333,,0.5,5.997078895568848,0.0
hayes-roth,n,3,0.01,23,0.6375,0.65,0.5,1.4152390956878662,0.0
hayes-roth,rb,3,0.01,23,0.6583333333333333,,0.5,1.5159451961517334,0.0
hayes-roth,cp,3,0.01,23,0.6583333333333333,,0.5,5.264180898666382,0.0
hayes-roth,n,3,0.1,23,0.625,0.675,0.5,1.3926877975463867,0.0
hayes-roth,rb,3,0.1,23,0.6416666666666667,,0.5,3.2200748920440674,0.0
hayes-roth,cp,3,0.1,23,0.6416666666666667,,0.5,3.6287193298339844,0.0
hayes-roth,n,3,0,34,0.7,0.55,0.525,0.7998762130737305,0.0
hayes-roth,rb,3,0,34,0.65,,0.525,2.0834507942199707,0.0
hayes-roth,cp,3,0,34,0.65,,0.55,3.487710952758789,0.0
hayes-roth,n,3,0.01,34,0.7,0.55,0.525,1.2366929054260254,0.0
hayes-roth,rb,3,0.01,34,0.65,,0.55,2.6582555770874023,0.0
hayes-roth,cp,3,0.01,34,0.65,,0.525,5.186949253082275,0.0
hayes-roth,n,3,0.1,34,0.6625,0.55,0.5,1.54417085647583,0.0
hayes-roth,rb,3,0.1,34,0.625,,0.5,3.840095281600952,0.0
hayes-roth,cp,3,0.1,34,0.625,,0.5,8.013337850570679,0.0
hayes-roth,n,3,0,45,0.675,0.525,0.65,0.8125653266906738,0.0
hayes-roth,rb,3,0,45,0.6333333333333333,,0.6,2.4414854049682617,0.0
hayes-roth,cp,3,0,45,0.6333333333333333,,0.6,5.564140558242798,0.0
hayes-roth,n,3,0.01,45,0.675,0.525,0.65,0.9581115245819092,0.0
hayes-roth,rb,3,0.01,45,0.6333333333333333,,0.6,3.17842173576355,0.0
hayes-roth,cp,3,0.01,45,0.6333333333333333,,0.6,6.565813302993774,0.0
hayes-roth,n,3,0.1,45,0.65,0.475,0.65,1.1042900085449219,0.0
hayes-roth,rb,3,0.1,45,0.6083333333333333,,0.575,2.5908687114715576,0.0
hayes-roth,cp,3,0.1,45,0.6083333333333333,,0.575,5.06901478767395,0.0
hayes-roth,n,3,0,56,0.675,0.525,0.525,0.9271106719970703,0.0
hayes-roth,rb,3,0,56,0.6416666666666667,,0.575,2.5830042362213135,0.0
hayes-roth,cp,3,0,56,0.6416666666666667,,0.575,4.827429533004761,0.0
hayes-roth,n,3,0.01,56,0.675,0.525,0.6,1.1844453811645508,0.0
hayes-roth,rb,3,0.01,56,0.6416666666666667,,0.575,2.792463779449463,0.0
hayes-roth,cp,3,0.01,56,0.6416666666666667,,0.575,3.949079990386963,0.0
hayes-roth,n,3,0.1,56,0.6625,0.475,0.575,0.7806854248046875,0.0
hayes-roth,rb,3,0.1,56,0.625,,0.525,2.034886360168457,0.0
hayes-roth,cp,3,0.1,56,0.625,,0.525,3.8031327724456787,0.0
hayes-roth,n,3,0,67,0.6875,0.4,0.625,0.6051456928253174,0.0
hayes-roth,rb,3,0,67,0.6583333333333333,,0.55,1.6040081977844238,0.0
hayes-roth,cp,3,0,67,0.6583333333333333,,0.55,4.182770013809204,0.0
hayes-roth,n,3,0.01,67,0.6875,0.4,0.625,0.7689449787139893,0.0
hayes-roth,rb,3,0.01,67,0.6583333333333333,,0.525,1.6641600131988525,0.0
hayes-roth,cp,3,0.01,67,0.6583333333333333,,0.55,6.891505002975464,0.0
hayes-roth,n,3,0.1,67,0.6625,0.475,0.6,0.779717206954956,0.0
hayes-roth,rb,3,0.1,67,0.6333333333333333,,0.5,1.7954490184783936,0.0
hayes-roth,cp,3,0.1,67,0.6333333333333333,,0.525,8.12497591972351,0.0
hayes-roth,n,3,0,78,0.6625,0.6,0.575,1.8489644527435303,0.0
hayes-roth,rb,3,0,78,0.6583333333333333,,0.525,3.0300018787384033,0.0
hayes-roth,cp,3,0,78,0.6583333333333333,,0.45,4.455830097198486,0.0
hayes-roth,n,3,0.01,78,0.6625,0.65,0.525,1.446274757385254,0.0
hayes-roth,rb,3,0.01,78,0.6583333333333333,,0.525,2.2127275466918945,0.0
hayes-roth,cp,3,0.01,78,0.6583333333333333,,0.525,3.578404426574707,0.0
hayes-roth,n,3,0.1,78,0.65,0.625,0.475,1.133366346359253,0.0
hayes-roth,rb,3,0.1,78,0.6416666666666667,,0.475,1.7395350933074951,0.0
hayes-roth,cp,3,0.1,78,0.6416666666666667,,0.475,3.952693462371826,0.0
hayes-roth,n,3,0,89,0.675,0.6,0.525,1.3648607730865479,0.0
hayes-roth,rb,3,0,89,0.6916666666666667,,0.425,1.4928004741668701,0.0
hayes-roth,cp,3,0,89,0.6916666666666667,,0.425,2.250218152999878,0.0
hayes-roth,n,3,0.01,89,0.675,0.675,0.4,1.3149778842926025,0.0
hayes-roth,rb,3,0.01,89,0.6916666666666667,,0.425,1.805809736251831,0.0
hayes-roth,cp,3,0.01,89,0.6916666666666667,,0.425,2.449263095855713,0.0
hayes-roth,n,3,0.1,89,0.65,0.725,0.375,0.7742269039154053,0.0
hayes-roth,rb,3,0.1,89,0.675,,0.375,1.592743158340454,0.0
hayes-roth,cp,3,0.1,89,0.675,,0.375,2.151867628097534,0.0
hayes-roth,n,3,0,93,0.675,0.575,0.6,0.6356251239776611,0.0
hayes-roth,rb,3,0,93,0.675,,0.45,1.4183568954467773,0.0
hayes-roth,cp,3,0,93,0.675,,0.45,3.853663682937622,0.0
hayes-roth,n,3,0.01,93,0.675,0.575,0.6,1.0806553363800049,0.0
hayes-roth,rb,3,0.01,93,0.675,,0.45,2.184840202331543,0.0
hayes-roth,cp,3,0.01,93,0.675,,0.45,3.2607345581054688,0.0
hayes-roth,n,3,0.1,93,0.65,0.55,0.575,0.9678752422332764,0.0
hayes-roth,rb,3,0.1,93,0.6416666666666667,,0.45,1.6465458869934082,0.0
hayes-roth,cp,3,0.1,93,0.6416666666666667,,0.45,3.4029934406280518,0.0
hayes-roth,n,3,0,5,0.675,0.45,0.525,0.5603053569793701,0.0
hayes-roth,rb,3,0,5,0.6416666666666667,,0.5,2.1650710105895996,0.0
hayes-roth,cp,3,0,5,0.6416666666666667,,0.5,3.6321659088134766,0.0
hayes-roth,n,3,0.01,5,0.675,0.45,0.525,0.8128271102905273,0.0
hayes-roth,rb,3,0.01,5,0.6416666666666667,,0.5,2.5416646003723145,0.0
hayes-roth,cp,3,0.01,5,0.6416666666666667,,0.5,4.458630800247192,0.0
hayes-roth,n,3,0.1,5,0.6375,0.5,0.625,0.9296689033508301,0.0
hayes-roth,rb,3,0.1,5,0.6166666666666667,,0.475,2.1677117347717285,0.0
hayes-roth,cp,3,0.1,5,0.6166666666666667,,0.475,3.88543963432312,0.0
house-votes-84,n,3,0,11,0.9655172413793104,0.9827586206896551,0.9655172413793104,0.6123611927032471,0.0
house-votes-84,rb,3,0,11,0.9712643678160919,,0.9655172413793104,0.973656177520752,0.0
house-votes-84,cp,3,0,11,0.9712643678160919,,0.9655172413793104,1.0860958099365234,0.0
house-votes-84,n,3,0.01,11,0.9655172413793104,0.9827586206896551,0.9655172413793104,0.5539145469665527,0.0
house-votes-84,rb,3,0.01,11,0.9137931034482759,,0.9310344827586207,0.6183459758758545,0.0
house-votes-84,cp,3,0.01,11,0.9712643678160919,,0.9655172413793104,0.9161343574523926,0.0
house-votes-84,n,3,0.1,11,0.9655172413793104,0.9827586206896551,0.9655172413793104,0.33809566497802734,0.0
house-votes-84,rb,3,0.1,11,0.9712643678160919,,0.9655172413793104,0.30817461013793945,0.0
house-votes-84,cp,3,0.1,11,0.9712643678160919,,0.9655172413793104,0.5012331008911133,0.0
house-votes-84,n,3,0,23,0.9827586206896551,0.9310344827586207,0.9827586206896551,0.4274141788482666,0.0
house-votes-84,rb,3,0,23,0.9655172413793104,,0.9827586206896551,1.1489293575286865,0.0
house-votes-84,cp,3,0,23,0.9655172413793104,,0.9827586206896551,1.0876035690307617,0.0
house-votes-84,n,3,0.01,23,0.9827586206896551,0.9310344827586207,0.9827586206896551,0.40442776679992676,0.0
house-votes-84,rb,3,0.01,23,0.9655172413793104,,0.9827586206896551,0.949148416519165,0.0
house-votes-84,cp,3,0.01,23,0.9655172413793104,,0.9827586206896551,0.9569802284240723,0.0
house-votes-84,n,3,0.1,23,0.9827586206896551,0.9310344827586207,0.9827586206896551,0.08377504348754883,0.0
house-votes-84,rb,3,0.1,23,0.9655172413793104,,0.9827586206896551,0.4468059539794922,0.0
house-votes-84,cp,3,0.1,23,0.9655172413793104,,0.9827586206896551,0.4637598991394043,0.0
house-votes-84,n,3,0,34,0.9741379310344828,0.9655172413793104,0.9655172413793104,0.47561049461364746,0.0
house-votes-84,rb,3,0,34,0.9712643678160919,,0.9655172413793104,1.130068302154541,0.0
house-votes-84,cp,3,0,34,0.9712643678160919,,0.9655172413793104,1.3747437000274658,0.0
house-votes-84,n,3,0.01,34,0.9741379310344828,0.9655172413793104,0.9655172413793104,0.6333067417144775,0.0
house-votes-84,rb,3,0.01,34,0.9712643678160919,,0.9655172413793104,0.9796826839447021,0.0
house-votes-84,cp,3,0.01,34,0.9712643678160919,,0.9655172413793104,1.2127032279968262,0.0
house-votes-84,n,3,0.1,34,0.9741379310344828,0.9655172413793104,0.9655172413793104,0.2982044219970703,0.0
house-votes-84,rb,3,0.1,34,0.9712643678160919,,0.9655172413793104,0.32712721824645996,0.0
house-votes-84,cp,3,0.1,34,0.9712643678160919,,0.9655172413793104,0.528900146484375,0.0
house-votes-84,n,3,0,45,0.9913793103448276,0.9310344827586207,0.9310344827586207,0.5679500102996826,0.0
house-votes-84,rb,3,0,45,0.9712643678160919,,0.9655172413793104,1.3591480255126953,0.0
house-votes-84,cp,3,0,45,0.9712643678160919,,0.9655172413793104,1.135585069656372,0.0
house-votes-84,n,3,0.01,45,0.9913793103448276,0.9310344827586207,0.9310344827586207,0.5026564598083496,0.0
house-votes-84,rb,3,0.01,45,0.9712643678160919,,0.9655172413793104,0.9424817562103271,0.0
house-votes-84,cp,3,0.01,45,0.9712643678160919,,0.9655172413793104,1.071216106414795,0.0
house-votes-84,n,3,0.1,45,0.9741379310344828,0.9655172413793104,0.9655172413793104,0.22636675834655762,0.0
house-votes-84,rb,3,0.1,45,0.9712643678160919,,0.9655172413793104,0.5417985916137695,0.0
house-votes-84,cp,3,0.1,45,0.9712643678160919,,0.9655172413793104,0.6349873542785645,0.0
house-votes-84,n,3,0,56,0.9655172413793104,0.9482758620689655,0.9655172413793104,0.6564178466796875,0.0
house-votes-84,rb,3,0,56,0.9712643678160919,,0.9655172413793104,1.3003599643707275,0.0
house-votes-84,cp,3,0,56,0.9712643678160919,,0.9655172413793104,1.3405001163482666,0.0
house-votes-84,n,3,0.01,56,0.9568965517241379,1.0,0.9655172413793104,0.5929267406463623,0.0
house-votes-84,rb,3,0.01,56,0.9712643678160919,,0.9655172413793104,0.8871426582336426,0.0
house-votes-84,cp,3,0.01,56,0.9712643678160919,,0.9655172413793104,0.8901348114013672,0.0
house-votes-84,n,3,0.1,56,0.9568965517241379,1.0,0.9655172413793104,0.22790026664733887,0.0
house-votes-84,rb,3,0.1,56,0.9712643678160919,,0.9655172413793104,0.48991870880126953,0.0
house-votes-84,cp,3,0.1,56,0.9712643678160919,,0.9655172413793104,0.52060866355896,0.0
house-votes-84,n,3,0,67,0.9827586206896551,0.9137931034482759,0.9655172413793104,0.5917868614196777,0.0
house-votes-84,rb,3,0,67,0.9712643678160919,,0.9655172413793104,1.0390820503234863,0.0
house-votes-84,cp,3,0,67,0.9712643678160919,,0.9655172413793104,0.8679471015930176,0.0
house-votes-84,n,3,0.01,67,0.9741379310344828,0.9655172413793104,0.9655172413793104,0.5036530494689941,0.0
house-votes-84,rb,3,0.01,67,0.9712643678160919,,0.9655172413793104,0.9286715984344482,0.0
house-votes-84,cp,3,0.01,67,0.9712643678160919,,0.9655172413793104,0.8322873115539551,0.0
house-votes-84,n,3,0.1,67,0.9741379310344828,0.9655172413793104,0.9655172413793104,0.2812466621398926,0.0
house-votes-84,rb,3,0.1,67,0.9712643678160919,,0.9655172413793104,0.32605528831481934,0.0
house-votes-84,cp,3,0.1,67,0.9712643678160919,,0.9655172413793104,0.5166192054748535,0.0
house-votes-84,n,3,0,78,0.9827586206896551,0.9310344827586207,0.9827586206896551,0.48944807052612305,0.0
house-votes-84,rb,3,0,78,0.9655172413793104,,0.9827586206896551,1.021935224533081,0.0
house-votes-84,cp,3,0,78,0.9655172413793104,,0.9827586206896551,1.1789638996124268,0.0
house-votes-84,n,3,0.01,78,0.9827586206896551,0.9310344827586207,0.9827586206896551,0.41588759422302246,0.0
house-votes-84,rb,3,0.01,78,0.9252873563218391,,0.896551724137931,0.5869417190551758,0.0
house-votes-84,cp,3,0.01,78,0.9655172413793104,,0.9827586206896551,1.0585711002349854,0.0
house-votes-84,n,3,0.1,78,0.9827586206896551,0.9310344827586207,0.9827586206896551,0.15758013725280762,0.0
house-votes-84,rb,3,0.1,78,0.9655172413793104,,0.9827586206896551,0.5029897689819336,0.0
house-votes-84,cp,3,0.1,78,0.9655172413793104,,0.9827586206896551,0.5909173488616943,0.0
house-votes-84,n,3,0,89,0.9655172413793104,0.9655172413793104,0.9482758620689655,0.6702089309692383,0.0
house-votes-84,rb,3,0,89,0.9655172413793104,,0.9827586206896551,1.1783969402313232,0.0
house-votes-84,cp,3,0,89,0.9655172413793104,,0.9827586206896551,1.6028332710266113,0.0
house-votes-84,n,3,0.01,89,0.9568965517241379,0.9827586206896551,0.9827586206896551,0.6852226257324219,0.0
house-votes-84,rb,3,0.01,89,0.9655172413793104,,0.9827586206896551,0.7134907245635986,0.0
house-votes-84,cp,3,0.01,89,0.9655172413793104,,0.9827586206896551,0.905580997467041,0.0
house-votes-84,n,3,0.1,89,0.9568965517241379,0.9827586206896551,0.9827586206896551,0.26828598976135254,0.0
house-votes-84,rb,3,0.1,89,0.9655172413793104,,0.9827586206896551,0.35149359703063965,0.0
house-votes-84,cp,3,0.1,89,0.9655172413793104,,0.9827586206896551,0.45478367805480957,0.0
house-votes-84,n,3,0,93,0.9827586206896551,0.9482758620689655,0.9655172413793104,0.42638206481933594,0.0
house-votes-84,rb,3,0,93,0.9712643678160919,,0.9655172413793104,1.0515916347503662,0.0
house-votes-84,cp,3,0,93,0.9712643678160919,,0.9655172413793104,0.884202241897583,0.0
house-votes-84,n,3,0.01,93,0.9827586206896551,0.9482758620689655,0.9655172413793104,0.4687459468841553,0.0
house-votes-84,rb,3,0.01,93,0.9712643678160919,,0.9655172413793104,0.7684545516967773,0.0
house-votes-84,cp,3,0.01,93,0.9712643678160919,,0.9655172413793104,0.9060873985290527,0.0
house-votes-84,n,3,0.1,93,0.9827586206896551,0.9482758620689655,0.9655172413793104,0.0857698917388916,0.0
house-votes-84,rb,3,0.1,93,0.9712643678160919,,0.9655172413793104,0.33969855308532715,0.0
house-votes-84,cp,3,0.1,93,0.9712643678160919,,0.9655172413793104,0.544757604598999,0.0
house-votes-84,n,3,0,5,0.9827586206896551,0.9482758620689655,0.9655172413793104,0.4886934757232666,0.0
house-votes-84,rb,3,0,5,0.9712643678160919,,0.9655172413793104,1.118290662765503,0.0
house-votes-84,cp,3,0,5,0.9712643678160919,,0.9655172413793104,0.9436688423156738,0.0
house-votes-84,n,3,0.01,5,0.9827586206896551,0.9482758620689655,0.9655172413793104,0.43103837966918945,0.0
house-votes-84,rb,3,0.01,5,0.9712643678160919,,0.9655172413793104,0.9399855136871338,0.0
house-votes-84,cp,3,0.01,5,0.9712643678160919,,0.9655172413793104,0.8125500679016113,0.0
house-votes-84,n,3,0.1,5,0.9827586206896551,0.9482758620689655,0.9655172413793104,0.07879018783569336,0.0
house-votes-84,rb,3,0.1,5,0.9712643678160919,,0.9655172413793104,0.3847832679748535,0.0
house-votes-84,cp,3,0.1,5,0.9712643678160919,,0.9655172413793104,0.3885304927825928,0.0
soybean-small,n,3,0,11,1.0,1.0,1.0,0.3701033592224121,0.0
soybean-small,rb,3,0,11,1.0,,1.0,0.553856372833252,0.0
soybean-small,cp,3,0,11,1.0,,1.0,0.6941421031951904,0.0
soybean-small,n,3,0.01,11,1.0,0.9166666666666666,1.0,0.4054572582244873,0.0
soybean-small,rb,3,0.01,11,1.0,,1.0,0.8567121028900146,0.0
soybean-small,cp,3,0.01,11,1.0,,1.0,0.46718764305114746,0.0
soybean-small,n,3,0.1,11,1.0,0.9166666666666666,1.0,0.3999292850494385,0.0
soybean-small,rb,3,0.1,11,1.0,,1.0,0.524604082107544,0.0
soybean-small,cp,3,0.1,11,1.0,,1.0,1.4608619213104248,0.0
soybean-small,n,3,0,23,1.0,1.0,1.0,0.2014608383178711,0.0
soybean-small,rb,3,0,23,1.0,,1.0,0.7430129051208496,0.0
soybean-small,cp,3,0,23,1.0,,1.0,0.2343766689300537,0.0
soybean-small,n,3,0.01,23,1.0,1.0,1.0,0.5818703174591064,0.0
soybean-small,rb,3,0.01,23,1.0,,1.0,0.5357077121734619,0.0
soybean-small,cp,3,0.01,23,1.0,,1.0,0.5786962509155273,0.0
soybean-small,n,3,0.1,23,1.0,1.0,1.0,0.48022961616516113,0.0
soybean-small,rb,3,0.1,23,1.0,,1.0,0.5582947731018066,0.0
soybean-small,cp,3,0.1,23,1.0,,1.0,0.8264989852905273,0.0
soybean-small,n,3,0,34,1.0,0.9166666666666666,0.75,0.19348382949829102,0.0
soybean-small,rb,3,0,34,1.0,,1.0,0.5754892826080322,0.0
soybean-small,cp,3,0,34,1.0,,1.0,0.48953890800476074,0.0
soybean-small,n,3,0.01,34,1.0,0.8333333333333334,1.0,0.4673805236816406,0.0
soybean-small,rb,3,0.01,34,1.0,,1.0,0.5983996391296387,0.0
soybean-small,cp,3,0.01,34,1.0,,1.0,0.5485343933105469,0.0
soybean-small,n,3,0.1,34,1.0,0.9166666666666666,1.0,0.6355748176574707,0.0
soybean-small,rb,3,0.1,34,1.0,,1.0,1.1089198589324951,0.0
soybean-small,cp,3,0.1,34,1.0,,1.0,1.091099500656128,0.0
soybean-small,n,3,0,45,1.0,1.0,1.0,0.3702278137207031,0.0
soybean-small,rb,3,0,45,1.0,,1.0,0.6383178234100342,0.0
soybean-small,cp,3,0,45,1.0,,1.0,0.30121493339538574,0.0
soybean-small,n,3,0.01,45,1.0,0.8333333333333334,0.75,1.2836172580718994,0.0
soybean-small,rb,3,0.01,45,1.0,,1.0,0.6438374519348145,0.0
soybean-small,cp,3,0.01,45,1.0,,1.0,0.5465397834777832,0.0
soybean-small,n,3,0.1,45,1.0,1.0,1.0,1.1146438121795654,0.0
soybean-small,rb,3,0.1,45,1.0,,1.0,0.6512598991394043,0.0
soybean-small,cp,3,0.1,45,1.0,,1.0,2.508986473083496,0.0
soybean-small,n,3,0,56,1.0,0.75,0.9166666666666666,0.22739315032958984,0.0
soybean-small,rb,3,0,56,1.0,,1.0,0.5819532871246338,0.0
soybean-small,cp,3,0,56,1.0,,1.0,0.2453451156616211,0.0
soybean-small,n,3,0.01,56,1.0,0.8333333333333334,0.8333333333333334,0.45155930519104004,0.0
soybean-small,rb,3,0.01,56,1.0,,1.0,0.5974042415618896,0.0
soybean-small,cp,3,0.01,56,1.0,,1.0,0.9100744724273682,0.0
soybean-small,n,3,0.1,56,1.0,0.75,0.9166666666666666,0.5153801441192627,0.0
soybean-small,rb,3,0.1,56,1.0,,1.0,0.752673864364624,0.0
soybean-small,cp,3,0.1,56,1.0,,1.0,1.0876069068908691,0.0
soybean-small,n,3,0,67,1.0,1.0,1.0,0.28324198722839355,0.0
soybean-small,rb,3,0,67,1.0,,1.0,0.5176138877868652,0.0
soybean-small,cp,3,0,67,1.0,,1.0,0.6817295551300049,0.0
soybean-small,n,3,0.01,67,1.0,1.0,1.0,0.6118752956390381,0.0
soybean-small,rb,3,0.01,67,1.0,,0.6666666666666666,0.701361894607544,0.0
soybean-small,cp,3,0.01,67,1.0,,0.6666666666666666,0.6677241325378418,0.0
soybean-small,n,3,0.1,67,1.0,1.0,1.0,0.94307541847229,0.0
soybean-small,rb,3,0.1,67,1.0,,1.0,1.2858672142028809,0.0
soybean-small,cp,3,0.1,67,1.0,,0.6666666666666666,1.3479068279266357,0.0
soybean-small,n,3,0,78,1.0,0.9166666666666666,1.0,0.5221197605133057,0.0
soybean-small,rb,3,0,78,1.0,,1.0,0.5159595012664795,0.0
soybean-small,cp,3,0,78,1.0,,1.0,0.4559972286224365,0.0
soybean-small,n,3,0.01,78,1.0,0.8333333333333334,1.0,0.3999314308166504,0.0
soybean-small,rb,3,0.01,78,1.0,,1.0,0.5216059684753418,0.0
soybean-small,cp,3,0.01,78,1.0,,1.0,0.4617033004760742,0.0
soybean-small,n,3,0.1,78,1.0,0.9166666666666666,1.0,0.603386640548706,0.0
soybean-small,rb,3,0.1,78,1.0,,1.0,0.656754732131958,0.0
soybean-small,cp,3,0.1,78,1.0,,1.0,0.45821428298950195,0.0
soybean-small,n,3,0,89,1.0,1.0,1.0,0.23337554931640625,0.0
soybean-small,rb,3,0,89,1.0,,1.0,0.679689884185791,0.0
soybean-small,cp,3,0,89,1.0,,1.0,0.615067720413208,0.0
soybean-small,n,3,0.01,89,1.0,1.0,1.0,0.4383382797241211,0.0
soybean-small,rb,3,0.01,89,1.0,,1.0,0.5415518283843994,0.0
soybean-small,cp,3,0.01,89,1.0,,1.0,0.6640434265136719,0.0
soybean-small,n,3,0.1,89,1.0,1.0,1.0,0.5634486675262451,0.0
soybean-small,rb,3,0.1,89,1.0,,0.9166666666666666,0.561497688293457,0.0
soybean-small,cp,3,0.1,89,1.0,,1.0,0.7880430221557617,0.0
soybean-small,n,3,0,93,1.0,1.0,0.9166666666666666,0.2174210548400879,0.0
soybean-small,rb,3,0,93,1.0,,1.0,0.5100409984588623,0.0
soybean-small,cp,3,0,93,1.0,,1.0,0.6482729911804199,0.0
soybean-small,n,3,0.01,93,1.0,1.0,0.9166666666666666,0.7325496673583984,0.0
soybean-small,rb,3,0.01,93,1.0,,0.9166666666666666,0.6920256614685059,0.0
soybean-small,cp,3,0.01,93,1.0,,0.9166666666666666,0.9245548248291016,0.0
soybean-small,n,3,0.1,93,1.0,1.0,1.0,1.3680930137634277,0.0
soybean-small,rb,3,0.1,93,1.0,,0.9166666666666666,0.5275900363922119,0.0
soybean-small,cp,3,0.1,93,1.0,,1.0,0.6221771240234375,0.0
soybean-small,n,3,0,5,1.0,1.0,1.0,0.36944031715393066,0.0
soybean-small,rb,3,0,5,1.0,,1.0,0.6522307395935059,0.0
soybean-small,cp,3,0,5,1.0,,1.0,0.42127060890197754,0.0
soybean-small,n,3,0.01,5,1.0,0.8333333333333334,0.8333333333333334,0.4966742992401123,0.0
soybean-small,rb,3,0.01,5,1.0,,1.0,0.6193885803222656,0.0
soybean-small,cp,3,0.01,5,1.0,,1.0,0.9050436019897461,0.0
soybean-small,n,3,0.1,5,1.0,1.0,1.0,0.5166187286376953,0.0
soybean-small,rb,3,0.1,5,1.0,,1.0,0.5528931617736816,0.0
soybean-small,cp,3,0.1,5,1.0,,1.0,0.9557149410247803,0.0
spect,n,3,0,11,0.7894736842105263,0.8059701492537313,0.7910447761194029,3.991762161254883,0.0
spect,rb,3,0,11,0.795,,0.7910447761194029,9.180355787277222,0.0
spect,cp,3,0,11,0.795,,0.7910447761194029,9.962811708450317,0.0
spect,n,3,0.01,11,0.7894736842105263,0.8059701492537313,0.7910447761194029,0.9754433631896973,0.0
spect,rb,3,0.01,11,0.795,,0.7910447761194029,1.619248867034912,0.0
spect,cp,3,0.01,11,0.795,,0.7910447761194029,2.466101884841919,0.0
spect,n,3,0.1,11,0.7894736842105263,0.8059701492537313,0.7910447761194029,0.2154223918914795,0.0
spect,rb,3,0.1,11,0.795,,0.7910447761194029,0.20251250267028809,0.0
spect,cp,3,0.1,11,0.795,,0.7910447761194029,0.4468064308166504,0.0
spect,n,3,0,23,0.8120300751879699,0.8208955223880597,0.7313432835820896,6.242722034454346,0.0
spect,rb,3,0,23,0.815,,0.7313432835820896,6.944806098937988,0.0
spect,cp,3,0,23,0.815,,0.7313432835820896,9.107691764831543,0.0
spect,n,3,0.01,23,0.8120300751879699,0.8208955223880597,0.7313432835820896,1.0529422760009766,0.0
spect,rb,3,0.01,23,0.815,,0.7313432835820896,1.8015191555023193,0.0
spect,cp,3,0.01,23,0.815,,0.7313432835820896,1.656552791595459,0.0
spect,n,3,0.1,23,0.8120300751879699,0.8208955223880597,0.7313432835820896,0.17449259757995605,0.0
spect,rb,3,0.1,23,0.815,,0.7313432835820896,0.2288990020751953,0.0
spect,cp,3,0.1,23,0.815,,0.7313432835820896,0.361034631729126,0.0
spect,n,3,0,34,0.7969924812030075,0.6716417910447762,0.7761194029850746,2.0627050399780273,0.0
spect,rb,3,0,34,0.785,,0.8208955223880597,6.0857837200164795,0.0
spect,cp,3,0,34,0.785,,0.8208955223880597,10.145195484161377,0.0
spect,n,3,0.01,34,0.7819548872180451,0.7910447761194029,0.8208955223880597,0.9542989730834961,0.0
spect,rb,3,0.01,34,0.785,,0.8208955223880597,1.7776730060577393,0.0
spect,cp,3,0.01,34,0.785,,0.8208955223880597,2.2710132598876953,0.0
spect,n,3,0.1,34,0.7819548872180451,0.7910447761194029,0.8208955223880597,0.20545101165771484,0.0
spect,rb,3,0.1,34,0.785,,0.8208955223880597,0.22253012657165527,0.0
spect,cp,3,0.1,34,0.785,,0.8208955223880597,0.46812868118286133,0.0
spect,n,3,0,45,0.8195488721804511,0.7761194029850746,0.7014925373134329,0.7744400501251221,0.0
spect,rb,3,0,45,0.8,,0.7761194029850746,5.949268817901611,0.0
spect,cp,3,0,45,0.805,,0.7014925373134329,6.20651388168335,0.0
spect,n,3,0.01,45,0.8195488721804511,0.7761194029850746,0.7014925373134329,0.8097999095916748,0.0
spect,rb,3,0.01,45,0.8,,0.7761194029850746,1.5121324062347412,0.0
spect,cp,3,0.01,45,0.8,,0.7761194029850746,1.9016032218933105,0.0
spect,n,3,0.1,45,0.7894736842105263,0.8208955223880597,0.7761194029850746,0.1934823989868164,0.0
spect,rb,3,0.1,45,0.8,,0.7761194029850746,0.225722074508667,0.0
spect,cp,3,0.1,45,0.8,,0.7761194029850746,0.48352932929992676,0.0
spect,n,3,0,56,0.7969924812030075,0.7611940298507462,0.7611940298507462,0.7958431243896484,0.0
spect,rb,3,0,56,0.785,,0.8208955223880597,8.793209314346313,0.0
spect,cp,3,0,56,0.785,,0.8208955223880597,8.261651754379272,0.0
spect,n,3,0.01,56,0.7969924812030075,0.7611940298507462,0.7611940298507462,0.768944263458252,0.0
spect,rb,3,0.01,56,0.785,,0.8208955223880597,1.2217495441436768,0.0
spect,cp,3,0.01,56,0.785,,0.8208955223880597,1.9069581031799316,0.0
spect,n,3,0.1,56,0.7669172932330827,0.8208955223880597,0.8208955223880597,0.2573130130767822,0.0
spect,rb,3,0.1,56,0.785,,0.8208955223880597,0.23534488677978516,0.0
spect,cp,3,0.1,56,0.785,,0.8208955223880597,0.5121386051177979,0.0
spect,n,3,0,67,0.8120300751879699,0.8208955223880597,0.6716417910447762,0.7160112857818604,0.0
spect,rb,3,0,67,0.815,,0.6716417910447762,3.821197748184204,0.0
spect,cp,3,0,67,0.815,,0.6716417910447762,2.7873876094818115,0.0
spect,n,3,0.01,67,0.8120300751879699,0.8208955223880597,0.6716417910447762,0.9040942192077637,0.0
spect,rb,3,0.01,67,0.815,,0.6716417910447762,1.4516665935516357,0.0
spect,cp,3,0.01,67,0.815,,0.6716417910447762,2.320082664489746,0.0
spect,n,3,0.1,67,0.7669172932330827,0.835820895522388,0.8059701492537313,0.32117605209350586,0.0
spect,rb,3,0.1,67,0.79,,0.8059701492537313,0.27725815773010254,0.0
spect,cp,3,0.1,67,0.79,,0.8059701492537313,0.4936795234680176,0.0
spect,n,3,0,78,0.8345864661654135,0.7313432835820896,0.7761194029850746,4.874657154083252,0.0
spect,rb,3,0,78,0.8,,0.7761194029850746,9.090816020965576,0.0
spect,cp,3,0,78,0.8,,0.7761194029850746,8.789674282073975,0.0
spect,n,3,0.01,78,0.8345864661654135,0.7313432835820896,0.7761194029850746,0.698134183883667,0.0
spect,rb,3,0.01,78,0.645,,0.6119402985074627,0.5628752708435059,0.0
spect,cp,3,0.01,78,0.8,,0.7761194029850746,2.006498098373413,0.0
spect,n,3,0.1,78,0.8345864661654135,0.7313432835820896,0.7761194029850746,0.13962626457214355,0.0
spect,rb,3,0.1,78,0.8,,0.7761194029850746,0.23088979721069336,0.0
spect,cp,3,0.1,78,0.8,,0.7761194029850746,0.5890445709228516,0.0
spect,n,3,0,89,0.8195488721804511,0.7313432835820896,0.8059701492537313,4.819347858428955,0.0
spect,rb,3,0,89,0.79,,0.8059701492537313,6.205368518829346,0.0
spect,cp,3,0,89,0.79,,0.8059701492537313,9.573047399520874,0.0
spect,n,3,0.01,89,0.8195488721804511,0.7313432835820896,0.8059701492537313,0.7763121128082275,0.0
spect,rb,3,0.01,89,0.79,,0.8059701492537313,1.8908720016479492,0.0
spect,cp,3,0.01,89,0.79,,0.8059701492537313,2.822551727294922,0.0
spect,n,3,0.1,89,0.8195488721804511,0.7313432835820896,0.8059701492537313,0.14561223983764648,0.0
spect,rb,3,0.1,89,0.79,,0.8059701492537313,0.2403566837310791,0.0
spect,cp,3,0.1,89,0.79,,0.8059701492537313,0.4608590602874756,0.0
spect,n,3,0,93,0.7969924812030075,0.8059701492537313,0.5074626865671642,4.288190841674805,0.0
spect,rb,3,0,93,0.8,,0.5074626865671642,2.8647305965423584,0.0
spect,cp,3,0,93,0.8,,0.5074626865671642,6.408468961715698,0.0
spect,n,3,0.01,93,0.7819548872180451,0.7910447761194029,0.8208955223880597,1.7856786251068115,0.0
spect,rb,3,0.01,93,0.785,,0.8208955223880597,1.5840914249420166,0.0
spect,cp,3,0.01,93,0.785,,0.8208955223880597,2.40868878364563,0.0
spect,n,3,0.1,93,0.7819548872180451,0.7910447761194029,0.8208955223880597,0.1785566806793213,0.0
spect,rb,3,0.1,93,0.785,,0.8208955223880597,0.2363731861114502,0.0
spect,cp,3,0.1,93,0.785,,0.8208955223880597,0.49341440200805664,0.0
spect,n,3,0,5,0.8120300751879699,0.7164179104477612,0.7761194029850746,1.3424303531646729,0.0
spect,rb,3,0,5,0.78,,0.7611940298507462,6.3471457958221436,0.0
spect,cp,3,0,5,0.795,,0.7910447761194029,9.959521532058716,0.0
spect,n,3,0.01,5,0.8120300751879699,0.7164179104477612,0.7761194029850746,0.7556679248809814,0.0
spect,rb,3,0.01,5,0.795,,0.7910447761194029,1.602766513824463,0.0
spect,cp,3,0.01,5,0.795,,0.7910447761194029,2.2459957599639893,0.0
spect,n,3,0.1,5,0.7819548872180451,0.8208955223880597,0.7910447761194029,0.1825551986694336,0.0
spect,rb,3,0.1,5,0.795,,0.7910447761194029,0.2585780620574951,0.0
spect,cp,3,0.1,5,0.795,,0.7910447761194029,0.4004218578338623,0.0
tic-tac-toe,n,3,0,11,0.7050209205020921,0.7166666666666667,0.6833333333333333,62.33340930938721,0.0
tic-tac-toe,rb,3,0,11,0.7103064066852368,,0.6708333333333333,123.84965109825134,0.0
tic-tac-toe,cp,3,0,11,0.7103064066852368,,0.6708333333333333,164.42419862747192,0.0
tic-tac-toe,n,3,0.01,11,0.7050209205020921,0.7166666666666667,0.6833333333333333,64.14693021774292,0.0
tic-tac-toe,rb,3,0.01,11,0.7089136490250696,,0.6833333333333333,112.24359941482544,0.0
tic-tac-toe,cp,3,0.01,11,0.7089136490250696,,0.6833333333333333,220.96795058250427,0.0
tic-tac-toe,n,3,0.1,11,0.6401673640167364,0.6291666666666667,0.7041666666666667,7.370258808135986,0.0
tic-tac-toe,rb,3,0.1,11,0.6364902506963789,,0.7041666666666667,22.55406618118286,0.0
tic-tac-toe,cp,3,0.1,11,0.6364902506963789,,0.7041666666666667,78.35430812835693,0.0
tic-tac-toe,n,3,0,23,0.7175732217573222,0.7208333333333333,0.6458333333333334,64.52631711959839,0.0
tic-tac-toe,rb,3,0,23,0.7186629526462396,,0.6458333333333334,87.8379533290863,0.0
tic-tac-toe,cp,3,0,23,0.7186629526462396,,0.6458333333333334,181.35271906852722,0.0
tic-tac-toe,n,3,0.01,23,0.7112970711297071,0.6791666666666667,0.7208333333333333,70.28625464439392,0.0
tic-tac-toe,rb,3,0.01,23,0.713091922005571,,0.6833333333333333,98.05714297294617,0.0
tic-tac-toe,cp,3,0.01,23,0.713091922005571,,0.6833333333333333,234.79185605049133,0.0
tic-tac-toe,n,3,0.1,23,0.6652719665271967,0.6416666666666667,0.6416666666666667,11.699053049087524,0.0
tic-tac-toe,rb,3,0.1,23,0.6573816155988857,,0.6416666666666667,23.966086626052856,0.0
tic-tac-toe,cp,3,0.1,23,0.6573816155988857,,0.6416666666666667,63.381760597229004,0.0
tic-tac-toe,n,3,0,34,0.7092050209205021,0.7375,0.6666666666666666,51.938546657562256,0.0
tic-tac-toe,rb,3,0,34,0.7186629526462396,,0.6666666666666666,99.78431272506714,0.0
tic-tac-toe,cp,3,0,34,0.7186629526462396,,0.6666666666666666,154.42415952682495,0.0
tic-tac-toe,n,3,0.01,34,0.7092050209205021,0.7375,0.6666666666666666,65.58817172050476,0.0
tic-tac-toe,rb,3,0.01,34,0.7186629526462396,,0.6666666666666666,90.99897408485413,0.0
tic-tac-toe,cp,3,0.01,34,0.7186629526462396,,0.6666666666666666,240.24981570243835,0.0
tic-tac-toe,n,3,0.1,34,0.6589958158995816,0.6625,0.6333333333333333,26.413262605667114,0.0
tic-tac-toe,rb,3,0.1,34,0.6601671309192201,,0.6333333333333333,28.07151699066162,0.0
tic-tac-toe,cp,3,0.1,34,0.6601671309192201,,0.6333333333333333,50.044305086135864,0.0
tic-tac-toe,n,3,0,45,0.7133891213389121,0.6541666666666667,0.625,60.21851468086243,0.0
tic-tac-toe,rb,3,0,45,0.7172701949860725,,0.65,105.1557047367096,0.0
tic-tac-toe,cp,3,0,45,0.7172701949860725,,0.65,192.25324082374573,0.0
tic-tac-toe,n,3,0.01,45,0.7112970711297071,0.7166666666666667,0.6708333333333333,77.35885047912598,0.0
tic-tac-toe,rb,3,0.01,45,0.7158774373259053,,0.6625,103.65967583656311,0.0
tic-tac-toe,cp,3,0.01,45,0.7158774373259053,,0.6625,177.7578661441803,0.0
tic-tac-toe,n,3,0.1,45,0.6694560669456067,0.6625,0.6125,5.530109405517578,0.0
tic-tac-toe,rb,3,0.1,45,0.6671309192200557,,0.6125,21.672929048538208,0.0
tic-tac-toe,cp,3,0.1,45,0.6671309192200557,,0.6125,101.75405073165894,0.0
tic-tac-toe,n,3,0,56,0.7154811715481172,0.6666666666666666,0.7125,54.54733443260193,0.0
tic-tac-toe,rb,3,0,56,0.7116991643454039,,0.6708333333333333,86.53244662284851,0.0
tic-tac-toe,cp,3,0,56,0.7116991643454039,,0.6708333333333333,179.84036827087402,0.0
tic-tac-toe,n,3,0.01,56,0.7154811715481172,0.6666666666666666,0.7125,58.45611381530762,0.0
tic-tac-toe,rb,3,0.01,56,0.7005571030640668,,0.6958333333333333,95.72813963890076,0.0
tic-tac-toe,cp,3,0.01,56,0.7005571030640668,,0.6958333333333333,249.0371503829956,0.0
tic-tac-toe,n,3,0.1,56,0.6631799163179917,0.6166666666666667,0.6708333333333333,9.307285070419312,0.0
tic-tac-toe,rb,3,0.1,56,0.6476323119777159,,0.6708333333333333,16.04278016090393,0.0
tic-tac-toe,cp,3,0.1,56,0.6476323119777159,,0.6708333333333333,94.5424256324768,0.0
tic-tac-toe,n,3,0,67,0.7050209205020921,0.6916666666666667,0.7208333333333333,54.42872929573059,0.0
tic-tac-toe,rb,3,0,67,0.7075208913649025,,0.7,138.47193264961243,0.0
tic-tac-toe,cp,3,0,67,0.7075208913649025,,0.7,307.5659408569336,0.0
tic-tac-toe,n,3,0.01,67,0.7050209205020921,0.6916666666666667,0.7208333333333333,64.5029628276825,0.0
tic-tac-toe,rb,3,0.01,67,0.7075208913649025,,0.7,136.0000011920929,0.0
tic-tac-toe,cp,3,0.01,67,0.7075208913649025,,0.7,196.48869371414185,0.0
tic-tac-toe,n,3,0.1,67,0.6443514644351465,0.65,0.675,38.009891510009766,0.0
tic-tac-toe,rb,3,0.1,67,0.6462395543175488,,0.675,24.93574857711792,0.0
tic-tac-toe,cp,3,0.1,67,0.6462395543175488,,0.675,28.455856323242188,0.0
tic-tac-toe,n,3,0,78,0.7364016736401674,0.6333333333333333,0.7166666666666667,52.08984136581421,0.0
tic-tac-toe,rb,3,0,78,0.7158774373259053,,0.6583333333333333,74.93155837059021,0.0
tic-tac-toe,cp,3,0,78,0.7158774373259053,,0.6583333333333333,184.43972492218018,0.0
tic-tac-toe,n,3,0.01,78,0.7364016736401674,0.6333333333333333,0.7166666666666667,50.82842421531677,0.0
tic-tac-toe,rb,3,0.01,78,0.7033426183844012,,0.6875,92.57233357429504,0.0
tic-tac-toe,cp,3,0.01,78,0.7033426183844012,,0.6875,206.83634042739868,0.0
tic-tac-toe,n,3,0.1,78,0.6610878661087866,0.5958333333333333,0.6958333333333333,5.078075170516968,0.0
tic-tac-toe,rb,3,0.1,78,0.7033426183844012,,0.6875,21.525274515151978,0.0
tic-tac-toe,cp,3,0.1,78,0.7033426183844012,,0.6875,28.79386281967163,0.0
tic-tac-toe,n,3,0,89,0.700836820083682,0.7208333333333333,0.6416666666666667,56.553300619125366,0.0
tic-tac-toe,rb,3,0,89,0.7075208913649025,,0.6416666666666667,106.33229804039001,0.0
tic-tac-toe,cp,3,0,89,0.7075208913649025,,0.6416666666666667,185.5172300338745,0.0
tic-tac-toe,n,3,0.01,89,0.700836820083682,0.7208333333333333,0.6416666666666667,73.86443328857422,0.0
tic-tac-toe,rb,3,0.01,89,0.7075208913649025,,0.6416666666666667,127.35661768913269,0.0
tic-tac-toe,cp,3,0.01,89,0.7075208913649025,,0.6416666666666667,192.15184044837952,0.0
tic-tac-toe,n,3,0.1,89,0.6464435146443515,0.6625,0.6583333333333333,22.977057695388794,0.0
tic-tac-toe,rb,3,0.1,89,0.6518105849582173,,0.6583333333333333,23.644897937774658,0.0
tic-tac-toe,cp,3,0.1,89,0.6518105849582173,,0.6583333333333333,95.38414168357849,0.0
tic-tac-toe,n,3,0,93,0.7280334728033473,0.6708333333333333,0.6958333333333333,43.64966416358948,0.0
tic-tac-toe,rb,3,0,93,0.713091922005571,,0.6833333333333333,77.48595929145813,0.0
tic-tac-toe,cp,3,0,93,0.713091922005571,,0.6833333333333333,208.9113485813141,0.0
tic-tac-toe,n,3,0.01,93,0.7280334728033473,0.6708333333333333,0.6958333333333333,57.43227481842041,0.0
tic-tac-toe,rb,3,0.01,93,0.713091922005571,,0.6833333333333333,94.95145153999329,0.0
tic-tac-toe,cp,3,0.01,93,0.713091922005571,,0.6833333333333333,200.39105606079102,0.0
tic-tac-toe,n,3,0.1,93,0.6673640167364017,0.6666666666666666,0.6125,5.704946279525757,0.0
tic-tac-toe,rb,3,0.1,93,0.6671309192200557,,0.6125,24.948919773101807,0.0
tic-tac-toe,cp,3,0.1,93,0.6671309192200557,,0.6125,54.38390493392944,0.0
tic-tac-toe,n,3,0,5,0.7071129707112971,0.7,0.7083333333333334,66.59661602973938,0.0
tic-tac-toe,rb,3,0,5,0.7061281337047354,,0.6916666666666667,101.27582311630249,0.0
tic-tac-toe,cp,3,0,5,0.7061281337047354,,0.6916666666666667,317.01569843292236,0.0
tic-tac-toe,n,3,0.01,5,0.7071129707112971,0.7,0.7083333333333334,60.546841621398926,0.0
tic-tac-toe,rb,3,0.01,5,0.6908077994428969,,0.725,23.52888798713684,0.0
tic-tac-toe,cp,3,0.01,5,0.7061281337047354,,0.6916666666666667,184.94803428649902,0.0
tic-tac-toe,n,3,0.1,5,0.6715481171548117,0.6458333333333334,0.625,13.122871160507202,0.0
tic-tac-toe,rb,3,0.1,5,0.6629526462395543,,0.625,31.495082139968872,0.0
tic-tac-toe,cp,3,0.1,5,0.6629526462395543,,0.625,81.6816623210907,0.0
monks-1,n,3,0,11,0.7841726618705036,0.7697841726618705,0.7482014388489209,2.7142179012298584,0.0
monks-1,rb,3,0,11,0.7913669064748201,,0.7338129496402878,7.36400294303894,0.0
monks-1,cp,3,0,11,0.7913669064748201,,0.7338129496402878,12.364185094833374,0.0
monks-1,n,3,0.01,11,0.7841726618705036,0.7697841726618705,0.7482014388489209,2.3988895416259766,0.0
monks-1,rb,3,0.01,11,0.4988009592326139,,0.5035971223021583,0.7913925647735596,0.0
monks-1,cp,3,0.01,11,0.7913669064748201,,0.7338129496402878,9.947301387786865,0.0
monks-1,n,3,0.1,11,0.7553956834532374,0.7338129496402878,0.7410071942446043,1.5044312477111816,0.0
monks-1,rb,3,0.1,11,0.7482014388489209,,0.7410071942446043,2.4805350303649902,0.0
monks-1,cp,3,0.1,11,0.7482014388489209,,0.7410071942446043,3.5671792030334473,0.0
monks-1,n,3,0,23,0.7733812949640287,0.7841726618705036,0.7697841726618705,2.8122193813323975,0.0
monks-1,rb,3,0,23,0.7769784172661871,,0.7697841726618705,6.518663644790649,0.0
monks-1,cp,3,0,23,0.7769784172661871,,0.7697841726618705,13.893326997756958,0.0
monks-1,n,3,0.01,23,0.7733812949640287,0.7841726618705036,0.7697841726618705,3.044215440750122,0.0
monks-1,rb,3,0.01,23,0.7769784172661871,,0.7697841726618705,5.3844099044799805,0.0
monks-1,cp,3,0.01,23,0.7769784172661871,,0.7697841726618705,9.76948881149292,0.0
monks-1,n,3,0.1,23,0.737410071942446,0.7697841726618705,0.7410071942446043,1.5099601745605469,0.0
monks-1,rb,3,0.1,23,0.7482014388489209,,0.7410071942446043,2.564858913421631,0.0
monks-1,cp,3,0.1,23,0.7482014388489209,,0.7410071942446043,3.048135280609131,0.0
monks-1,n,3,0,34,0.802158273381295,0.7985611510791367,0.7050359712230215,3.148644208908081,0.0
monks-1,rb,3,0,34,0.8009592326139089,,0.7050359712230215,7.451375246047974,0.0
monks-1,cp,3,0,34,0.8009592326139089,,0.7050359712230215,5.257253885269165,0.0
monks-1,n,3,0.01,34,0.802158273381295,0.7985611510791367,0.7050359712230215,3.550417900085449,0.0
monks-1,rb,3,0.01,34,0.8009592326139089,,0.7050359712230215,7.337817430496216,0.0
monks-1,cp,3,0.01,34,0.8009592326139089,,0.7050359712230215,8.931827545166016,0.0
monks-1,n,3,0.1,34,0.7661870503597122,0.762589928057554,0.6906474820143885,1.299055576324463,0.0
monks-1,rb,3,0.1,34,0.7649880095923262,,0.6906474820143885,2.2297894954681396,0.0
monks-1,cp,3,0.1,34,0.7649880095923262,,0.6906474820143885,2.4215426445007324,0.0
monks-1,n,3,0,45,0.802158273381295,0.7913669064748201,0.7050359712230215,1.810636281967163,0.0
monks-1,rb,3,0,45,0.7985611510791367,,0.7050359712230215,4.163807392120361,0.0
monks-1,cp,3,0,45,0.7985611510791367,,0.7050359712230215,5.99573016166687,0.0
monks-1,n,3,0.01,45,0.802158273381295,0.7913669064748201,0.7050359712230215,2.6359291076660156,0.0
monks-1,rb,3,0.01,45,0.7985611510791367,,0.7050359712230215,5.963301420211792,0.0
monks-1,cp,3,0.01,45,0.7985611510791367,,0.7050359712230215,6.069828033447266,0.0
monks-1,n,3,0.1,45,0.762589928057554,0.7266187050359713,0.7338129496402878,1.1465394496917725,0.0
monks-1,rb,3,0.1,45,0.750599520383693,,0.7338129496402878,2.708235740661621,0.0
monks-1,cp,3,0.1,45,0.750599520383693,,0.7338129496402878,2.9449496269226074,0.0
monks-1,n,3,0,56,0.8093525179856115,0.7553956834532374,0.7338129496402878,2.2632768154144287,0.0
monks-1,rb,3,0,56,0.7961630695443646,,0.7194244604316546,7.205240249633789,0.0
monks-1,cp,3,0,56,0.7961630695443646,,0.7194244604316546,5.6485514640808105,0.0
monks-1,n,3,0.01,56,0.8093525179856115,0.7553956834532374,0.7338129496402878,2.415613889694214,0.0
monks-1,rb,3,0.01,56,0.7961630695443646,,0.7194244604316546,5.375769376754761,0.0
monks-1,cp,3,0.01,56,0.7961630695443646,,0.7194244604316546,14.721631288528442,0.0
monks-1,n,3,0.1,56,0.7661870503597122,0.7266187050359713,0.7266187050359713,1.3344392776489258,0.0
monks-1,rb,3,0.1,56,0.7529976019184652,,0.7266187050359713,2.81571102142334,0.0
monks-1,cp,3,0.1,56,0.7529976019184652,,0.7266187050359713,2.886481761932373,0.0
monks-1,n,3,0,67,0.7841726618705036,0.7769784172661871,0.7410071942446043,2.5590763092041016,0.0
monks-1,rb,3,0,67,0.7937649880095923,,0.7266187050359713,6.193310499191284,0.0
monks-1,cp,3,0,67,0.7937649880095923,,0.7266187050359713,17.361287593841553,0.0
monks-1,n,3,0.01,67,0.7841726618705036,0.7769784172661871,0.7410071942446043,3.1523561477661133,0.0
monks-1,rb,3,0.01,67,0.7937649880095923,,0.7266187050359713,5.468318939208984,0.0
monks-1,cp,3,0.01,67,0.7937649880095923,,0.7266187050359713,9.893223524093628,0.0
monks-1,n,3,0.1,67,0.7410071942446043,0.7769784172661871,0.7266187050359713,1.169891357421875,0.0
monks-1,rb,3,0.1,67,0.7529976019184652,,0.7266187050359713,4.017087936401367,0.0
monks-1,cp,3,0.1,67,0.7529976019184652,,0.7266187050359713,2.503241777420044,0.0
monks-1,n,3,0,78,0.7805755395683454,0.7410071942446043,0.7841726618705036,2.177137613296509,0.0
monks-1,rb,3,0,78,0.7793764988009593,,0.7697841726618705,6.824029445648193,0.0
monks-1,cp,3,0,78,0.7793764988009593,,0.7697841726618705,9.316284418106079,0.0
monks-1,n,3,0.01,78,0.7805755395683454,0.7410071942446043,0.7841726618705036,3.144625425338745,0.0
monks-1,rb,3,0.01,78,0.7793764988009593,,0.7553956834532374,6.862358093261719,0.0
monks-1,cp,3,0.01,78,0.7793764988009593,,0.7553956834532374,13.258633613586426,0.0
monks-1,n,3,0.1,78,0.7266187050359713,0.7769784172661871,0.7553956834532374,2.1993536949157715,0.0
monks-1,rb,3,0.1,78,0.7434052757793765,,0.7553956834532374,6.991130590438843,0.0
monks-1,cp,3,0.1,78,0.7434052757793765,,0.7553956834532374,3.4338326454162598,0.0
monks-1,n,3,0,89,0.7733812949640287,0.7841726618705036,0.7769784172661871,2.5905745029449463,0.0
monks-1,rb,3,0,89,0.7769784172661871,,0.7769784172661871,6.310293674468994,0.0
monks-1,cp,3,0,89,0.7769784172661871,,0.7769784172661871,10.764761447906494,0.0
monks-1,n,3,0.01,89,0.7733812949640287,0.7841726618705036,0.7769784172661871,3.1311373710632324,0.0
monks-1,rb,3,0.01,89,0.48201438848920863,,0.5539568345323741,0.85970139503479,0.0
monks-1,cp,3,0.01,89,0.7769784172661871,,0.7769784172661871,12.849034786224365,0.0
monks-1,n,3,0.1,89,0.737410071942446,0.7553956834532374,0.7553956834532374,1.651578426361084,0.0
monks-1,rb,3,0.1,89,0.7434052757793765,,0.7553956834532374,2.3675034046173096,0.0
monks-1,cp,3,0.1,89,0.7434052757793765,,0.7553956834532374,3.5877256393432617,0.0
monks-1,n,3,0,93,0.8129496402877698,0.7266187050359713,0.7553956834532374,2.4460484981536865,0.0
monks-1,rb,3,0,93,0.7865707434052758,,0.7338129496402878,5.661951780319214,0.0
monks-1,cp,3,0,93,0.7865707434052758,,0.7338129496402878,5.617959022521973,0.0
monks-1,n,3,0.01,93,0.8129496402877698,0.7266187050359713,0.7553956834532374,2.4312894344329834,0.0
monks-1,rb,3,0.01,93,0.7865707434052758,,0.7338129496402878,5.907151937484741,0.0
monks-1,cp,3,0.01,93,0.7865707434052758,,0.7338129496402878,9.198689699172974,0.0
monks-1,n,3,0.1,93,0.7769784172661871,0.7194244604316546,0.7122302158273381,1.08461332321167,0.0
monks-1,rb,3,0.1,93,0.7577937649880095,,0.7122302158273381,2.1878905296325684,0.0
monks-1,cp,3,0.1,93,0.7577937649880095,,0.7122302158273381,3.039802312850952,0.0
monks-1,n,3,0,5,0.7877697841726619,0.7410071942446043,0.7913669064748201,3.0201354026794434,0.0
monks-1,rb,3,0,5,0.7817745803357314,,0.7553956834532374,5.308749198913574,0.0
monks-1,cp,3,0,5,0.7817745803357314,,0.7553956834532374,8.754585027694702,0.0
monks-1,n,3,0.01,5,0.7877697841726619,0.7410071942446043,0.7913669064748201,3.0686988830566406,0.0
monks-1,rb,3,0.01,5,0.7817745803357314,,0.7553956834532374,5.094477891921997,0.0
monks-1,cp,3,0.01,5,0.7817745803357314,,0.7553956834532374,9.644761085510254,0.0
monks-1,n,3,0.1,5,0.7517985611510791,0.7266187050359713,0.7553956834532374,1.38261079788208,0.0
monks-1,rb,3,0.1,5,0.7434052757793765,,0.7553956834532374,2.475708246231079,0.0
monks-1,cp,3,0.1,5,0.7434052757793765,,0.7553956834532374,4.371631860733032,0.0
monks-2,n,3,0,11,0.6733333333333333,0.56,0.6357615894039735,20.646470308303833,0.0
monks-2,rb,3,0,11,0.6422222222222222,,0.7019867549668874,39.54241323471069,0.0
monks-2,cp,3,0,11,0.6422222222222222,,0.7019867549668874,74.29392170906067,0.0
monks-2,n,3,0.01,11,0.67,0.5866666666666667,0.7019867549668874,24.265371561050415,0.0
monks-2,rb,3,0.01,11,0.6422222222222222,,0.7019867549668874,29.77512764930725,0.0
monks-2,cp,3,0.01,11,0.6422222222222222,,0.7019867549668874,65.05570840835571,0.0
monks-2,n,3,0.1,11,0.67,0.5866666666666667,0.7019867549668874,1.8507742881774902,0.0
monks-2,rb,3,0.1,11,0.6422222222222222,,0.7019867549668874,4.726635456085205,0.0
monks-2,cp,3,0.1,11,0.6422222222222222,,0.7019867549668874,11.208216190338135,0.0
monks-2,n,3,0,23,0.6666666666666666,0.6133333333333333,0.5894039735099338,17.8305721282959,0.0
monks-2,rb,3,0,23,0.6666666666666666,,0.6291390728476821,38.35153675079346,0.0
monks-2,cp,3,0,23,0.6666666666666666,,0.6291390728476821,56.64886665344238,0.0
monks-2,n,3,0.01,23,0.6666666666666666,0.6133333333333333,0.5894039735099338,18.91413378715515,0.0
monks-2,rb,3,0.01,23,0.6666666666666666,,0.6291390728476821,29.009095668792725,0.0
monks-2,cp,3,0.01,23,0.6666666666666666,,0.6291390728476821,58.565489292144775,0.0
monks-2,n,3,0.1,23,0.6533333333333333,0.6933333333333334,0.6291390728476821,2.0152018070220947,0.0
monks-2,rb,3,0.1,23,0.6666666666666666,,0.6291390728476821,3.4601385593414307,0.0
monks-2,cp,3,0.1,23,0.6666666666666666,,0.6291390728476821,10.373279809951782,0.0
monks-2,n,3,0,34,0.7233333333333334,0.6,0.5231788079470199,15.909897327423096,0.0
monks-2,rb,3,0,34,0.6844444444444444,,0.5761589403973509,48.66876840591431,0.0
monks-2,cp,3,0,34,0.6844444444444444,,0.5761589403973509,47.06334376335144,0.0
monks-2,n,3,0.01,34,0.7133333333333334,0.6266666666666667,0.5761589403973509,19.39286780357361,0.0
monks-2,rb,3,0.01,34,0.6844444444444444,,0.5761589403973509,29.229129314422607,0.0
monks-2,cp,3,0.01,34,0.6844444444444444,,0.5761589403973509,46.619988441467285,0.0
monks-2,n,3,0.1,34,0.7133333333333334,0.6266666666666667,0.5761589403973509,1.373291254043579,0.0
monks-2,rb,3,0.1,34,0.6844444444444444,,0.5761589403973509,2.8343138694763184,0.0
monks-2,cp,3,0.1,34,0.6844444444444444,,0.5761589403973509,7.542830467224121,0.0
monks-2,n,3,0,45,0.68,0.6,0.6688741721854304,21.080872058868408,0.0
monks-2,rb,3,0,45,0.6533333333333333,,0.6688741721854304,32.990301847457886,0.0
monks-2,cp,3,0,45,0.6533333333333333,,0.6688741721854304,68.73380470275879,0.0
monks-2,n,3,0.01,45,0.68,0.6,0.6688741721854304,16.775535106658936,0.0
monks-2,rb,3,0.01,45,0.6533333333333333,,0.6688741721854304,34.40437722206116,0.0
monks-2,cp,3,0.01,45,0.6533333333333333,,0.6688741721854304,57.59151792526245,0.0
monks-2,n,3,0.1,45,0.68,0.6,0.6688741721854304,2.8547000885009766,0.0
monks-2,rb,3,0.1,45,0.6533333333333333,,0.6688741721854304,4.076570749282837,0.0
monks-2,cp,3,0.1,45,0.6533333333333333,,0.6688741721854304,10.285845041275024,0.0
monks-2,n,3,0,56,0.6533333333333333,0.62,0.5695364238410596,24.735950708389282,0.0
monks-2,rb,3,0,56,0.6511111111111111,,0.6754966887417219,41.02488088607788,0.0
monks-2,cp,3,0,56,0.6511111111111111,,0.6754966887417219,86.40235304832458,0.0
monks-2,n,3,0.01,56,0.6533333333333333,0.62,0.5695364238410596,21.616908073425293,0.0
monks-2,rb,3,0.01,56,0.6511111111111111,,0.6754966887417219,31.872453451156616,0.0
monks-2,cp,3,0.01,56,0.6511111111111111,,0.6754966887417219,86.13097834587097,0.0
monks-2,n,3,0.1,56,0.64,0.6733333333333333,0.6754966887417219,2.1560540199279785,0.0
monks-2,rb,3,0.1,56,0.6511111111111111,,0.6754966887417219,4.923390865325928,0.0
monks-2,cp,3,0.1,56,0.6511111111111111,,0.6754966887417219,17.379186153411865,0.0
monks-2,n,3,0,67,0.6533333333333333,0.6266666666666667,0.5960264900662252,18.854061603546143,0.0
monks-2,rb,3,0,67,0.6644444444444444,,0.6357615894039735,32.88583302497864,0.0
monks-2,cp,3,0,67,0.6644444444444444,,0.6357615894039735,60.44780111312866,0.0
monks-2,n,3,0.01,67,0.6533333333333333,0.6266666666666667,0.5960264900662252,23.701807260513306,0.0
monks-2,rb,3,0.01,67,0.6644444444444444,,0.6357615894039735,35.91195487976074,0.0
monks-2,cp,3,0.01,67,0.6644444444444444,,0.6357615894039735,66.67502284049988,0.0
monks-2,n,3,0.1,67,0.64,0.7133333333333334,0.6357615894039735,3.181013584136963,0.0
monks-2,rb,3,0.1,67,0.6644444444444444,,0.6357615894039735,3.5969791412353516,0.0
monks-2,cp,3,0.1,67,0.6644444444444444,,0.6357615894039735,8.811048984527588,0.0
monks-2,n,3,0,78,0.66,0.6,0.6225165562913907,19.464192867279053,0.0
monks-2,rb,3,0,78,0.6666666666666666,,0.6291390728476821,38.23505616188049,0.0
monks-2,cp,3,0,78,0.6666666666666666,,0.6291390728476821,63.291346311569214,0.0
monks-2,n,3,0.01,78,0.6566666666666666,0.6866666666666666,0.6291390728476821,22.200302600860596,0.0
monks-2,rb,3,0.01,78,0.6666666666666666,,0.6291390728476821,31.59359908103943,0.0
monks-2,cp,3,0.01,78,0.6666666666666666,,0.6291390728476821,53.839125871658325,0.0
monks-2,n,3,0.1,78,0.6566666666666666,0.6866666666666666,0.6291390728476821,2.504810094833374,0.0
monks-2,rb,3,0.1,78,0.6666666666666666,,0.6291390728476821,4.059063911437988,0.0
monks-2,cp,3,0.1,78,0.6666666666666666,,0.6291390728476821,13.657736539840698,0.0
monks-2,n,3,0,89,0.67,0.58,0.6158940397350994,23.517634391784668,0.0
monks-2,rb,3,0,89,0.66,,0.6490066225165563,44.591742277145386,0.0
monks-2,cp,3,0,89,0.66,,0.6490066225165563,76.11008620262146,0.0
monks-2,n,3,0.01,89,0.66,0.66,0.6490066225165563,26.9425048828125,0.0
monks-2,rb,3,0.01,89,0.66,,0.6490066225165563,32.7365403175354,0.0
monks-2,cp,3,0.01,89,0.66,,0.6490066225165563,64.19124841690063,0.0
monks-2,n,3,0.1,89,0.66,0.66,0.6490066225165563,2.5727953910827637,0.0
monks-2,rb,3,0.1,89,0.66,,0.6490066225165563,2.2655038833618164,0.0
monks-2,cp,3,0.1,89,0.66,,0.6490066225165563,14.444643020629883,0.0
monks-2,n,3,0,93,0.67,0.54,0.6357615894039735,21.051305532455444,0.0
monks-2,rb,3,0,93,0.6422222222222222,,0.6225165562913907,48.25843048095703,0.0
monks-2,cp,3,0,93,0.6422222222222222,,0.6225165562913907,69.85504531860352,0.0
monks-2,n,3,0.01,93,0.67,0.54,0.6357615894039735,17.670053005218506,0.0
monks-2,rb,3,0.01,93,0.64,,0.7086092715231788,32.029170989990234,0.0
monks-2,cp,3,0.01,93,0.64,,0.7086092715231788,79.89150142669678,0.0
monks-2,n,3,0.1,93,0.6533333333333333,0.6133333333333333,0.7086092715231788,2.2121336460113525,0.0
monks-2,rb,3,0.1,93,0.64,,0.7086092715231788,4.814921855926514,0.0
monks-2,cp,3,0.1,93,0.64,,0.7086092715231788,10.206799268722534,0.0
monks-2,n,3,0,5,0.6666666666666666,0.62,0.6754966887417219,21.911106824874878,0.0
monks-2,rb,3,0,5,0.6511111111111111,,0.6754966887417219,47.42559623718262,0.0
monks-2,cp,3,0,5,0.6511111111111111,,0.6754966887417219,83.90303897857666,0.0
monks-2,n,3,0.01,5,0.6666666666666666,0.62,0.6754966887417219,24.91519784927368,0.0
monks-2,rb,3,0.01,5,0.6511111111111111,,0.6754966887417219,32.555185079574585,0.0
monks-2,cp,3,0.01,5,0.6511111111111111,,0.6754966887417219,92.32709741592407,0.0
monks-2,n,3,0.1,5,0.6666666666666666,0.62,0.6754966887417219,1.9808075428009033,0.0
monks-2,rb,3,0.1,5,0.6511111111111111,,0.6754966887417219,3.546354293823242,0.0
monks-2,cp,3,0.1,5,0.6511111111111111,,0.6754966887417219,9.931257486343384,0.0
monks-3,n,3,0,11,0.9528985507246377,0.9856115107913669,0.9640287769784173,1.6562485694885254,0.0
monks-3,rb,3,0,11,0.963855421686747,,0.9640287769784173,2.581749439239502,0.0
monks-3,cp,3,0,11,0.963855421686747,,0.9640287769784173,5.069589138031006,0.0
monks-3,n,3,0.01,11,0.9528985507246377,0.9856115107913669,0.9640287769784173,1.4556901454925537,0.0
monks-3,rb,3,0.01,11,0.963855421686747,,0.9640287769784173,2.2847602367401123,0.0
monks-3,cp,3,0.01,11,0.963855421686747,,0.9640287769784173,2.1885602474212646,0.0
monks-3,n,3,0.1,11,0.9528985507246377,0.9856115107913669,0.9640287769784173,0.9377744197845459,0.0
monks-3,rb,3,0.1,11,0.963855421686747,,0.9640287769784173,1.0622522830963135,0.0
monks-3,cp,3,0.1,11,0.963855421686747,,0.9640287769784173,2.833245038986206,0.0
monks-3,n,3,0,23,0.9818840579710145,0.9424460431654677,0.9496402877697842,1.303135871887207,0.0
monks-3,rb,3,0,23,0.9686746987951808,,0.9496402877697842,3.0828869342803955,0.0
monks-3,cp,3,0,23,0.9686746987951808,,0.9496402877697842,4.068711280822754,0.0
monks-3,n,3,0.01,23,0.9818840579710145,0.9424460431654677,0.9496402877697842,1.0543804168701172,0.0
monks-3,rb,3,0.01,23,0.9686746987951808,,0.9496402877697842,1.7456908226013184,0.0
monks-3,cp,3,0.01,23,0.9686746987951808,,0.9496402877697842,2.727933406829834,0.0
monks-3,n,3,0.1,23,0.9818840579710145,0.9424460431654677,0.9496402877697842,0.6542685031890869,0.0
monks-3,rb,3,0.1,23,0.9686746987951808,,0.9496402877697842,1.2115674018859863,0.0
monks-3,cp,3,0.1,23,0.9686746987951808,,0.9496402877697842,3.2021162509918213,0.0
monks-3,n,3,0,34,0.9601449275362319,0.9568345323741008,0.9784172661870504,1.4986858367919922,0.0
monks-3,rb,3,0,34,0.9590361445783132,,0.9784172661870504,3.291783332824707,0.0
monks-3,cp,3,0,34,0.9590361445783132,,0.9784172661870504,2.40425968170166,0.0
monks-3,n,3,0.01,34,0.9601449275362319,0.9568345323741008,0.9784172661870504,1.456972360610962,0.0
monks-3,rb,3,0.01,34,0.9590361445783132,,0.9784172661870504,2.6958935260772705,0.0
monks-3,cp,3,0.01,34,0.9590361445783132,,0.9784172661870504,2.1095144748687744,0.0
monks-3,n,3,0.1,34,0.9601449275362319,0.9568345323741008,0.9784172661870504,0.8757829666137695,0.0
monks-3,rb,3,0.1,34,0.9590361445783132,,0.9784172661870504,1.6798944473266602,0.0
monks-3,cp,3,0.1,34,0.9590361445783132,,0.9784172661870504,2.3891704082489014,0.0
monks-3,n,3,0,45,0.9565217391304348,0.9712230215827338,0.9712230215827338,1.4684906005859375,0.0
monks-3,rb,3,0,45,0.9614457831325302,,0.9712230215827338,3.2311131954193115,0.0
monks-3,cp,3,0,45,0.9614457831325302,,0.9712230215827338,5.50191068649292,0.0
monks-3,n,3,0.01,45,0.9565217391304348,0.9712230215827338,0.9712230215827338,1.0088136196136475,0.0
monks-3,rb,3,0.01,45,0.9614457831325302,,0.9712230215827338,1.6711223125457764,0.0
monks-3,cp,3,0.01,45,0.9614457831325302,,0.9712230215827338,1.9258532524108887,0.0
monks-3,n,3,0.1,45,0.9565217391304348,0.9712230215827338,0.9712230215827338,0.7980866432189941,0.0
monks-3,rb,3,0.1,45,0.9614457831325302,,0.9712230215827338,1.4182276725769043,0.0
monks-3,cp,3,0.1,45,0.9614457831325302,,0.9712230215827338,1.730910062789917,0.0
monks-3,n,3,0,56,0.9637681159420289,0.9496402877697842,0.9784172661870504,1.6588435173034668,0.0
monks-3,rb,3,0,56,0.9590361445783132,,0.9784172661870504,3.652165651321411,0.0
monks-3,cp,3,0,56,0.9590361445783132,,0.9784172661870504,5.35586953163147,0.0
monks-3,n,3,0.01,56,0.9637681159420289,0.9496402877697842,0.9784172661870504,1.3776936531066895,0.0
monks-3,rb,3,0.01,56,0.9590361445783132,,0.9784172661870504,1.7168164253234863,0.0
monks-3,cp,3,0.01,56,0.9590361445783132,,0.9784172661870504,2.106922149658203,0.0
monks-3,n,3,0.1,56,0.9637681159420289,0.9496402877697842,0.9784172661870504,1.0187864303588867,0.0
monks-3,rb,3,0.1,56,0.9590361445783132,,0.9784172661870504,1.6165668964385986,0.0
monks-3,cp,3,0.1,56,0.9590361445783132,,0.9784172661870504,4.187821865081787,0.0
monks-3,n,3,0,67,0.9746376811594203,0.9712230215827338,0.935251798561151,1.5316884517669678,0.0
monks-3,rb,3,0,67,0.9734939759036144,,0.935251798561151,1.8745005130767822,0.0
monks-3,cp,3,0,67,0.9734939759036144,,0.935251798561151,1.485926866531372,0.0
monks-3,n,3,0.01,67,0.9746376811594203,0.9712230215827338,0.935251798561151,1.179429054260254,0.0
monks-3,rb,3,0.01,67,0.9734939759036144,,0.935251798561151,1.6912336349487305,0.0
monks-3,cp,3,0.01,67,0.9734939759036144,,0.935251798561151,1.8696095943450928,0.0
monks-3,n,3,0.1,67,0.9746376811594203,0.9712230215827338,0.935251798561151,0.7665891647338867,0.0
monks-3,rb,3,0.1,67,0.9734939759036144,,0.935251798561151,1.0866129398345947,0.0
monks-3,cp,3,0.1,67,0.9734939759036144,,0.935251798561151,1.573390245437622,0.0
monks-3,n,3,0,78,0.9746376811594203,0.9640287769784173,0.9424460431654677,1.270113468170166,0.0
monks-3,rb,3,0,78,0.9710843373493976,,0.9424460431654677,2.8585662841796875,0.0
monks-3,cp,3,0,78,0.9710843373493976,,0.9424460431654677,3.0005569458007812,0.0
monks-3,n,3,0.01,78,0.9746376811594203,0.9640287769784173,0.9424460431654677,0.9110727310180664,0.0
monks-3,rb,3,0.01,78,0.9710843373493976,,0.9424460431654677,2.879702568054199,0.0
monks-3,cp,3,0.01,78,0.9710843373493976,,0.9424460431654677,1.8661489486694336,0.0
monks-3,n,3,0.1,78,0.9746376811594203,0.9640287769784173,0.9424460431654677,0.8387482166290283,0.0
monks-3,rb,3,0.1,78,0.9710843373493976,,0.9424460431654677,1.401930809020996,0.0
monks-3,cp,3,0.1,78,0.9710843373493976,,0.9424460431654677,2.0991294384002686,0.0
monks-3,n,3,0,89,0.9565217391304348,0.9712230215827338,0.9712230215827338,1.428443431854248,0.0
monks-3,rb,3,0,89,0.9614457831325302,,0.9712230215827338,4.974797248840332,0.0
monks-3,cp,3,0,89,0.9614457831325302,,0.9712230215827338,2.1618545055389404,0.0
monks-3,n,3,0.01,89,0.9565217391304348,0.9712230215827338,0.9712230215827338,1.5322284698486328,0.0
monks-3,rb,3,0.01,89,0.9614457831325302,,0.9712230215827338,1.7593052387237549,0.0
monks-3,cp,3,0.01,89,0.9614457831325302,,0.9712230215827338,3.0701615810394287,0.0
monks-3,n,3,0.1,89,0.9565217391304348,0.9712230215827338,0.9712230215827338,0.631312370300293,0.0
monks-3,rb,3,0.1,89,0.9614457831325302,,0.9712230215827338,1.4267773628234863,0.0
monks-3,cp,3,0.1,89,0.9614457831325302,,0.9712230215827338,2.1464152336120605,0.0
monks-3,n,3,0,93,0.9782608695652174,0.9640287769784173,0.935251798561151,1.148646354675293,0.0
monks-3,rb,3,0,93,0.9734939759036144,,0.935251798561151,3.0179049968719482,0.0
monks-3,cp,3,0,93,0.9734939759036144,,0.935251798561151,3.9357995986938477,0.0
monks-3,n,3,0.01,93,0.9782608695652174,0.9640287769784173,0.935251798561151,1.1214122772216797,0.0
monks-3,rb,3,0.01,93,0.9734939759036144,,0.935251798561151,1.5230629444122314,0.0
monks-3,cp,3,0.01,93,0.9734939759036144,,0.935251798561151,1.3897943496704102,0.0
monks-3,n,3,0.1,93,0.9782608695652174,0.9640287769784173,0.935251798561151,0.757612943649292,0.0
monks-3,rb,3,0.1,93,0.9734939759036144,,0.935251798561151,1.1743988990783691,0.0
monks-3,cp,3,0.1,93,0.9734939759036144,,0.935251798561151,1.353783369064331,0.0
monks-3,n,3,0,5,0.9565217391304348,0.9712230215827338,0.9712230215827338,1.1252107620239258,0.0
monks-3,rb,3,0,5,0.9614457831325302,,0.9712230215827338,2.927069664001465,0.0
monks-3,cp,3,0,5,0.9614457831325302,,0.9712230215827338,2.4053478240966797,0.0
monks-3,n,3,0.01,5,0.9565217391304348,0.9712230215827338,0.9712230215827338,1.0434989929199219,0.0
monks-3,rb,3,0.01,5,0.9614457831325302,,0.9712230215827338,1.5998504161834717,0.0
monks-3,cp,3,0.01,5,0.9614457831325302,,0.9712230215827338,1.9777202606201172,0.0
monks-3,n,3,0.1,5,0.9565217391304348,0.9712230215827338,0.9712230215827338,0.8953263759613037,0.0
monks-3,rb,3,0.1,5,0.9614457831325302,,0.9712230215827338,1.2984952926635742,0.0
monks-3,cp,3,0.1,5,0.9614457831325302,,0.9712230215827338,1.9312713146209717,0.0
